Product Name,Product Description,Product Categories,Product Price,Product Price per person,Minimum Price Per Person,Product Sub-category,Vegan,Gluten Free,Halal,Kind
A&W Root Beer (12 Cans),,Snacks & Drinks,14,,14,Snacks & Drinks,FALSE,FALSE,FALSE,Individual
A&W Root Beer (2L Bottle),,Snacks & Drinks,5.5,,5,Snacks & Drinks,FALSE,FALSE,FALSE,Individual
Aburi Rice Tray,"Imitation crab and salmon with white rice, cucumber, pickled jalapenos and aburi sauce.",Hawaiian,300,15,,Hawaiian-Party-Tray,FALSE,FALSE,FALSE,Platter
Almond Granola Bar,,Snacks & Drinks,4,,4,Snacks & Drinks,FALSE,FALSE,FALSE,Individual
Aloo Naan,Stuffed with potatoes & spices,Indian,80,4,,Breads-Platter,TRUE,FALSE,FALSE,Platter
Apple Crisp Granola Bar,,Snacks & Drinks,4,,4,Snacks & Drinks,FALSE,FALSE,FALSE,Individual
Apple Juice (8 Pack),,Snacks & Drinks,8,,8,Snacks & Drinks,FALSE,FALSE,FALSE,Individual
Apple Turnovers,,Baked Goods & Coffee,60,3,,Baked-Goods-Platter,FALSE,FALSE,FALSE,Platter
Assorted Cookies,,Specialty Desserts,115,5.75,,5oz Cookies,FALSE,FALSE,FALSE,Platter
Assorted Cookies,,Baked Goods & Coffee,60,3,,Baked-Goods-Platter,FALSE,FALSE,FALSE,Platter
Assorted Doughnuts,,Baked Goods & Coffee,60,3,,Baked-Goods-Platter,FALSE,FALSE,FALSE,Platter
Assorted Muffins,,Baked Goods & Coffee,60,3,,Baked-Goods-Platter,FALSE,FALSE,FALSE,Platter
Assorted Waffles,,Specialty Desserts,66,3.14,,Mini Waffles,FALSE,FALSE,FALSE,Platter
Avocado Sushi Combo,"Salmon Avocado Roll, Tuna Avocado Roll & Avocado Roll",Japanese,19.5,,,Individually-Packed-Sushi-Combos,FALSE,FALSE,FALSE,Individual
Bacon & Jalapeno Stuffed Cheesy Bread,,Pizza,10,,,Breads,FALSE,FALSE,FALSE,Individual
Bagel & Cream Cheese,,Baked Goods & Coffee,100,5,,Baked-Goods-Platter,FALSE,FALSE,FALSE,Platter
Baklava,,Mediterranean,120,6,,Dessert,FALSE,FALSE,FALSE,Platter
BBQ Chicken Wings,,Pizza,12,,,Chicken,FALSE,FALSE,FALSE,Individual
"BBQ Chicken with Rice, Salad & Spring Roll",,Thai,19,,,Individually-Packed-Combos,FALSE,FALSE,FALSE,Individual
BBQ Pork Fried Rice,Fried rice with BBQ pork,Chinese,160,8,,Rice-&-Noodles-Platter,FALSE,FALSE,FALSE,Individual
BBQ Potato Chips,,Snacks & Drinks,5,,5,Snacks & Drinks,FALSE,FALSE,FALSE,Individual
Beef & Broccoli,Beef stir-fried with minced garlic and broccoli,Chinese,200,10,,Main-Platter,FALSE,FALSE,FALSE,Individual
Beef & Broccoli with Chowmein,,Chinese,20,,,Individually-Packed-Chowmein-Combo,FALSE,FALSE,FALSE,Individual
Beef & Broccoli with Fried Rice,,Chinese,20,,,Individually-Packed-Rice-Combo,FALSE,FALSE,FALSE,Individual
Beef Bento Box,,Japanese,19,,,Individually-Packed-Bowls,FALSE,FALSE,FALSE,Individual
Beef Chowmein,Chowmein with beef,Chinese,160,8,,Rice-&-Noodles-Platter,FALSE,FALSE,FALSE,Individual
"Beef Green Curry with Rice, Salad & Spring Roll",,Thai,19,,,Individually-Packed-Combos,FALSE,FALSE,FALSE,Individual
"Beef Massaman Curry with Rice, Salad & Spring Roll",,Thai,19,,,Individually-Packed-Combos,FALSE,FALSE,FALSE,Individual
Beef Onsen Egg Poke Bowl (Large),,Hawaiian,19,,,Large-Poke-Bowls,FALSE,FALSE,FALSE,Individual
Beef Onsen Egg Poke Bowl (Regular),,Hawaiian,16,,,Regular-Poke-Bowls,FALSE,FALSE,FALSE,Individual
Beef Pad Kee Mao,"Fresh rice noodle wok fried with sprouts, peppers, cabbage, tomatoes and basil in fresh garlic chili sauce",Thai,18,,,Individually-Packed-Noodles,FALSE,FALSE,FALSE,Individual
Beef Pad Mee,"Brown rice vermicelli wok fried with peppers, cabbage, onions, tomatoes, sprouts and egg in thai style garlic sauce",Thai,18,,,Individually-Packed-Noodles,FALSE,FALSE,FALSE,Individual
Beef Pad See-Ew,"Fresh rice noodle wok fried with gai lan, sprouts, cabbage, carrots, and egg",Thai,18,,,Individually-Packed-Noodles,FALSE,FALSE,FALSE,Individual
Beef Pad Thai,"Rice noodle wok fried with sprouts, egg, green onions, tofu, prawns topped with crushed peanuts, and cilantro",Thai,18,,,Individually-Packed-Noodles,FALSE,FALSE,FALSE,Individual
"Beef Panang Curry with Rice, Salad & Spring Roll",,Thai,19,,,Individually-Packed-Combos,FALSE,FALSE,FALSE,Individual
"Beef Red Curry with Rice, Salad & Spring Roll",,Thai,19,,,Individually-Packed-Combos,FALSE,FALSE,FALSE,Individual
Beef Rolls,Spiced beef rolled in flatbread & sweet hoisin sauce,Chinese,100,5,,Appetizer-Platter,FALSE,FALSE,FALSE,Platter
Beef Teriyaki Rice Bowl,,Japanese,17,,,Individually-Packed-Bowls,FALSE,FALSE,FALSE,Individual
Beef with Mix Vegetables,Beef stir-fried with minced garlic and vegetables,Chinese,200,10,,Main-Platter,FALSE,FALSE,FALSE,Platter
Beef with Mix Vegetables with Chowmein,,Chinese,20,,,Individually-Packed-Chowmein-Combo,FALSE,FALSE,FALSE,Platter
Beef with Mix Vegetables with Fried Rice,,Chinese,20,,,Individually-Packed-Rice-Combo,FALSE,FALSE,FALSE,Platter
Berry Crunch Salad,"Romaine, Field Greens, Quinoa, Crumbled Feta, Strawberries, Dried Cranberries, Green Apple, Walnuts, Green Onions, Balsamic Vinaigrette",Healthy,15,,,Salads,FALSE,FALSE,FALSE,Individual
Berry Punch Juice (8 Pack),,Snacks & Drinks,8,,8,Snacks & Drinks,FALSE,FALSE,FALSE,Individual
Birthday Cake Cookies,,Specialty Desserts,115,5.75,,5oz Cookies,FALSE,FALSE,FALSE,Platter
Black Pepper Beef with Scallions,"Beef stir-fried with green onions, ginger with black pepper sauce",Chinese,200,10,,Main-Platter,FALSE,FALSE,FALSE,Individual
Black Pepper Beef with Scallions with Chowmein,,Chinese,20,,,Individually-Packed-Chowmein-Combo,FALSE,FALSE,FALSE,Platter
Black Pepper Beef with Scallions with Fried Rice,,Chinese,20,,,Individually-Packed-Rice-Combo,FALSE,FALSE,FALSE,Individual
Blackberry Sparkling Water (12 Pack),,Snacks & Drinks,14,,14,Snacks & Drinks,FALSE,FALSE,FALSE,Individual
Bolognese Rigatoni Platter,,Pasta,300,15,,Pasta-Platter,FALSE,FALSE,FALSE,Platter
Bolognese Rigatoni with Focaccia,,Pasta,18,,,Individually-Packed-Pasta,FALSE,FALSE,FALSE,Individual
Breadsticks,,Pizza,8,,,Breads,FALSE,FALSE,FALSE,Individual
Buddha Satay Noodle Bowl,"Rice Noodles, Broccoli, Cabbage, Carrots, Crispy Wontons, Green Onions, Spicy Peanut Sauce",Healthy,15,,,Bowls,FALSE,FALSE,FALSE,Individual
Butter Chicken,Boneless chicken breast cooked in creamy tomato sauce,Indian,140,7,,Curry-Platter,FALSE,FALSE,FALSE,Platter
Butter Chicken Biryani,"Saffron rice with butter chicken, spices, fried onions and cilantro garnish.",Indian Fusion,16.5,,,Individually-Packed,FALSE,FALSE,FALSE,Individual
Butter Chicken Biryani Platter,"Saffron rice with butter chicken, spices, fried onions and cilantro garnish.",Indian Fusion,300,15,,Biryani-Platter,FALSE,FALSE,FALSE,Platter
Butter Chicken Combo,"Butter Chicken with Dal Makhani, Rice & Naan ",Indian,19,,,Individual-Combo,FALSE,FALSE,FALSE,Individual
Butter Chicken Combo with Dessert,"Butter Chicken with Dal Makhani, Rice, Naan & Gulab Jamun",Indian,20,,,Individual-Combo-with-Dessert,FALSE,FALSE,FALSE,Individual
Butter Chicken Dirty Samosa,"Baked potato samosas with butter chicken, fresh mint mayonnaise, chives and potato strings.",Indian Fusion,16.5,,,Individually-Packed,FALSE,FALSE,FALSE,Individual
Butter Chicken Dirty Samosa Platter,"Baked potato samosas with butter chicken, fresh mint mayonnaise, chives and potato strings.",Indian Fusion,300,15,,Dirty-Samosa-Platter,FALSE,FALSE,FALSE,Platter
Butter Chicken Mac & Cheese,"Macroni, cheddar, mozzarella, chives and butter chicken.",Indian Fusion,16.5,,,Individually-Packed,FALSE,FALSE,FALSE,Individual
Butter Chicken Mac & Cheese Platter,"Macroni, cheddar, mozzarella, chives and butter chicken.",Indian Fusion,300,15,,Mac-&-Cheese-Platter,FALSE,FALSE,FALSE,Platter
Butter Chicken Sandwich,"Ciabatta bun, butter chicken, house mayo, kale slaw and pickled onions.",Indian Fusion,16.5,,,Individually-Packed,FALSE,FALSE,FALSE,Individual
Butter Chicken Sandwich Platter,"Ciabatta bun, butter chicken, house mayo, kale slaw and pickled onions.",Indian Fusion,300,15,,Sandwich-Platter,FALSE,FALSE,FALSE,Platter
Butter Chicken Tacos,"Freshly made flour tortillas with butter chicken, mint mayo, pico de gallo, fresh jalapeno, cilantro and pickled onions.",Indian Fusion,16.5,,,Individually-Packed,FALSE,FALSE,FALSE,Individual
Butter Chicken Tacos Platter,"Freshly made flour tortillas with butter chicken, mint mayo, pico de gallo, fresh jalapeno, cilantro and pickled onions.",Indian Fusion,300,15,,Indian-Tacos-Platter,FALSE,FALSE,FALSE,Platter
Butter Chicken Tuscan Salad,"House citrus dressing, pumpkin seeds, cheese nacho crumbs, diced tomatoes, chickpeas, jalapeno and butter chicken.",Indian Fusion,16.5,,,Individually-Packed,FALSE,FALSE,FALSE,Individual
Butter Chicken Tuscan Salad Platter,"House citrus dressing, pumpkin seeds, cheese nacho crumbs, diced tomatoes, chickpeas, jalapeno and butter chicken.",Indian Fusion,300,15,,Tuscan-Salad-Platter,FALSE,FALSE,FALSE,Platter
Butter Croissants,,Baked Goods & Coffee,60,3,,Baked-Goods-Platter,FALSE,FALSE,FALSE,Platter
Butter Flavoured Popcorn,,Snacks & Drinks,7,,7,Snacks & Drinks,FALSE,FALSE,FALSE,Individual
Caramel Coconut Cookies,,Snacks & Drinks,6,,6,Snacks & Drinks,FALSE,FALSE,FALSE,Individual
Caramel Macchiato Cookies,,Specialty Desserts,115,5.75,,5oz Cookies,FALSE,FALSE,FALSE,Platter
Caramel Popcorn,,Snacks & Drinks,7,,7,Snacks & Drinks,FALSE,FALSE,FALSE,Individual
Chana Masala,"Chickpeas cooked in onion, garlic, ginger & light tomato sauce",Indian,140,7,,Curry-Platter,FALSE,FALSE,FALSE,Platter
Chana Masala Combo,"Chana Masala with Dal Makhani, Rice & Naan ",Indian,19,,,Individual-Combo,FALSE,FALSE,FALSE,Individual
Chana Masala Combo with Dessert,"Chana Masala with Dal Makhani, Rice, Naan & Gulab Jamun",Indian,20,,,Individual-Combo-with-Dessert,TRUE,FALSE,FALSE,Individual
Cheddar Habanero Dip,,Pizza,1.5,,,Dips,FALSE,FALSE,FALSE,Individual
Cheesy Bread,,Pizza,10,,,Breads,FALSE,FALSE,FALSE,Individual
Cherry Sparkling Water (12 Pack),,Snacks & Drinks,14,,14,Snacks & Drinks,FALSE,FALSE,FALSE,Individual
Chicken & Clear Noodle Salad,Clear noodles with spicy sesame sauce & shredded chicken,Chinese,100,5,,Appetizer-Platter,FALSE,FALSE,FALSE,Platter
Chicken + Gyro Meal Platter,"Beef gyro & grilled chicken with basmati rice, lettuce, tomatoes, olives, pita bread, white sauce & hot sauce.",Mediterranean,400,20,,Meal-Platters,FALSE,FALSE,TRUE,Platter
Chicken Bento Box,,Japanese,19,,,Individually-Packed-Bowls,FALSE,FALSE,FALSE,Individual
Chicken Biryani,Basmati rice cooked with chicken & Indian spices,Indian,140,7,,Rice-Platter,FALSE,FALSE,FALSE,Platter
Chicken Bowl,"Grilled chicken with basmati rice, lettuce, tomatoes, green pepper, onion, pita bread, white sauce & hot sauce.",Mediterranean,18,,,Individually-Packed-Bowls,FALSE,FALSE,TRUE,Individual
Chicken Buddha Satay Noodle Bowl,"Grilled Chicken, Rice Noodles, Broccoli, Cabbage, Carrots, Crispy Wontons, Green Onions, Spicy Peanut Sauce",Healthy,19,,,Bowls,FALSE,FALSE,FALSE,Individual
"Chicken Cashew Nut with Rice, Salad & Spring Roll",,Thai,19,,,Individually-Packed-Combos,FALSE,FALSE,FALSE,Individual
Chicken Chipotle Cheddar Rice Bowl,"Grilled Chicken, Brown Rice, Aged Cheddar, Black Beans, Cabbage, Carrots, Corn, Green Onion, Tomatoes, Creamy Chipotle Dressing",Healthy,19,,,Bowls,FALSE,FALSE,FALSE,Individual
Chicken Chowmein,Chowmein with chicken,Chinese,160,8,,Rice-&-Noodles-Platter,FALSE,FALSE,FALSE,Platter
Chicken Cobb Salad,"Grilled Chicken, Field Greens, Romaine, Aged Cheddar, Avocado, Bacon, Hard Boiled Egg, Corn, Tomatoes, Ranch",Healthy,19,,,Salads,FALSE,FALSE,FALSE,Individual
Chicken Curry,Boneless chicken breast cooked in a unique blend of coriander & coconut milk,Indian,140,7,,Curry-Platter,FALSE,FALSE,FALSE,Platter
Chicken Curry Combo,"Chicken Curry with Dal Makhani, Rice & Naan ",Indian,19,,,Individual-Combo,FALSE,FALSE,FALSE,Individual
Chicken Curry Combo with Dessert,"Chicken Curry with Dal Makhani, Rice, Naan & Gulab Jamun",Indian,20,,,Individual-Combo-with-Dessert,FALSE,FALSE,FALSE,Individual
Chicken Fettuccine Alfredo Platter,,Pasta,300,15,,Pasta-Platter,FALSE,FALSE,FALSE,Platter
Chicken Fiesta Salad,"Grilled Chicken, Field Greens, Aged Cheddar, Avocado, Salsa Fresca, Black Beans, Corn, Crispy Wontons, Cilantro Lime",Healthy,19,,,Salads,FALSE,FALSE,FALSE,Individual
Chicken Fried Rice,Fried rice with chicken,Chinese,160,8,,Rice-&-Noodles-Platter,FALSE,FALSE,FALSE,Platter
Chicken Greek Salad,"Grilled Chicken, Field Greens, Romaine, Feta Cheese, Kalamata Olives, Cucumber, Red Onions, Tomatoes, Greek Vinaigrette",Healthy,19,,,Salads,FALSE,FALSE,FALSE,Individual
"Chicken Green Curry with Rice, Salad & Spring Roll",,Thai,19,,,Individually-Packed-Combos,FALSE,FALSE,FALSE,Individual
Chicken Karaage,,Japanese,140,7,,Sides-Platter,FALSE,FALSE,FALSE,Platter
Chicken Lemongrass Banh Mi,"Chicken marinated with lemongrass, red curry, asian sweet chili sauce, garlic, ginger, basil, soy sauce, and fish sauce",Vietnamese,13,,,Individually-Packed-Banh-Mi,FALSE,FALSE,FALSE,Individual
Chicken Lemongrass Banh Mi Platter,"Chicken marinated with lemongrass, red curry, asian sweet chili sauce, garlic, ginger, basil, soy sauce, and fish sauce",Vietnamese,240,12,,Banh-Mi-Platter,FALSE,FALSE,FALSE,Platter
Chicken Malai Tikka,"Boneless chicken marinated with ginger, garlic & creamy cheese, grilled in the tandoor to perfection",Indian,120,6,,Appetizer-Platter,FALSE,FALSE,FALSE,Platter
"Chicken Massaman Curry with Rice, Salad & Spring Roll",,Thai,19,,,Individually-Packed-Combos,FALSE,FALSE,FALSE,Individual
Chicken Meal Platter,"Grilled chicken with basmati rice, lettuce, tomatoes, olives, pita bread, white sauce & hot sauce.",Mediterranean,400,20,,Meal-Platters,FALSE,FALSE,TRUE,Platter
Chicken Nuggets,,American,200,10,,Chicken-Platter,FALSE,FALSE,FALSE,Platter
Chicken Pad Kee Mao,"Fresh rice noodle wok fried with sprouts, peppers, cabbage, tomatoes and basil in fresh garlic chili sauce",Thai,18,,,Individually-Packed-Noodles,FALSE,FALSE,FALSE,Individual
Chicken Pad Mee,"Brown rice vermicelli wok fried with peppers, cabbage, onions, tomatoes, sprouts and egg in thai style garlic sauce",Thai,18,,,Individually-Packed-Noodles,FALSE,FALSE,FALSE,Individual
Chicken Pad See-Ew,"Fresh rice noodle wok fried with gai lan, sprouts, cabbage, carrots, and egg",Thai,18,,,Individually-Packed-Noodles,FALSE,FALSE,FALSE,Individual
Chicken Pad Thai,"Rice noodle wok fried with sprouts, egg, green onions, tofu, prawns topped with crushed peanuts, and cilantro",Thai,18,,,Individually-Packed-Noodles,FALSE,FALSE,FALSE,Individual
Chicken Pakora,Chicken breast dipped in house made batter & deep fried,Indian,120,6,,Appetizer-Platter,FALSE,FALSE,FALSE,Platter
"Chicken Panang Curry with Rice, Salad & Spring Roll",,Thai,19,,,Individually-Packed-Combos,FALSE,FALSE,FALSE,Individual
Chicken Penne Pesto Cream Platter,,Pasta,300,15,,Pasta-Platter,FALSE,FALSE,FALSE,Individual
Chicken Radiatori Rose Platter,,Pasta,300,15,,Pasta-Platter,FALSE,FALSE,FALSE,Platter
"Chicken Red Curry with Rice, Salad & Spring Roll",,Thai,19,,,Individually-Packed-Combos,FALSE,FALSE,FALSE,Individual
Chicken Sandwich,"Grilled chicken with lettuce, tomatoes, green peppers, onion, white sauce & hot sauce.",Mediterranean,15,,,Individually-Packed-Wraps,FALSE,FALSE,TRUE,Individual
Chicken Satay,"Spiced chicken tender, skewered, grilled and served with peanut sauce",Thai,75,3.75,,Appetizer-Platter,FALSE,FALSE,FALSE,Platter
Chicken Spinach,"Boneless chicken & spinach, cooked with garlic, ginger & Indian spices",Indian,140,7,,Curry-Platter,FALSE,FALSE,FALSE,Platter
Chicken Spinach Combo,"Chicken Spinach with Dal Makhani, Rice & Naan ",Indian,19,,,Individual-Combo,FALSE,FALSE,FALSE,Individual
Chicken Spinach Combo with Dessert,"Chicken Spinach with Dal Makhani, Rice, Naan & Gulab Jamun",Indian,20,,,Individual-Combo-with-Dessert,FALSE,FALSE,FALSE,Individual
Chicken Strips,,American,240,12,,Chicken-Platter,FALSE,FALSE,FALSE,Platter
Chicken Teriyaki Rice Bowl,,Japanese,17,,,Individually-Packed-Bowls,FALSE,FALSE,FALSE,Individual
Chicken Teriyaki Twist Rice Bowl,"Grilled Chicken, Brown Rice, Broccoli, Carrots, Crispy wontons, Cucumber, Edamame, Green Onions, Sesame Seeds, Teriyaki",Healthy,19,,,Bowls,FALSE,FALSE,FALSE,Individual
Chicken Tikka,"Boneless chicken marinated with our special ingredients, grilled in the tandoor to perfection",Indian,120,6,,Appetizer-Platter,FALSE,FALSE,FALSE,Platter
Chicken Tikka Masala,Grilled chicken cooked in onion & tomato-based sauce,Indian,140,7,,Curry-Platter,FALSE,FALSE,FALSE,Platter
Chicken Tikka Masala Combo,"Chicken Tikka Masala with Dal Makhani, Rice & Naan ",Indian,19,,,Individual-Combo,FALSE,FALSE,FALSE,Individual
Chicken Tikka Masala Combo with Dessert,"Chicken Tikka Masala with Dal Makhani, Rice, Naan & Gulab Jamun",Indian,20,,,Individual-Combo-with-Dessert,FALSE,FALSE,FALSE,Individual
Chicken Vindaloo,Boneless chicken and potatoes cooked in a tangy curry sauce,Indian,140,7,,Curry-Platter,FALSE,FALSE,FALSE,Platter
Chicken Vindaloo Combo,"Chicken Vindaloo with Dal Makhani, Rice & Naan ",Indian,19,,,Individual-Combo,FALSE,FALSE,FALSE,Individual
Chicken Vindaloo Combo with Dessert,"Chicken Vindaloo with Dal Makhani, Rice, Naan & Gulab Jamun",Indian,20,,,Individual-Combo-with-Dessert,FALSE,FALSE,FALSE,Individual
Chicken Wings,,Japanese,140,7,,Sides-Platter,FALSE,FALSE,FALSE,Platter
Chicken Yakisoba,,Japanese,19,,,Individually-Packed-Bowls,FALSE,FALSE,FALSE,Individual
Chickpea Salad,,Pasta,120,6,,Sides-Platter,FALSE,FALSE,FALSE,Platter
Chilli Garlic Eggplant,Eggplant cooked with woodear mushroom and bamboo shoots in spicy sauce,Chinese,200,10,,Main-Platter,TRUE,FALSE,FALSE,Individual
Chilli Garlic Eggplant with Chowmein,,Chinese,20,,,Individually-Packed-Chowmein-Combo,TRUE,FALSE,FALSE,Platter
Chilli Garlic Eggplant with Fried Rice,,Chinese,20,,,Individually-Packed-Rice-Combo,TRUE,FALSE,FALSE,Individual
Chilli Lime Fish Burrito,"Chilli lime fish with rice, beans, salsa, veggies and cheese, all rolled into a grilled tortilla",Mexican,12,,,Individually-Packed-Burrito,FALSE,FALSE,FALSE,Individual
Chilli Lime Fish Burrito Platter,"Chilli lime fish with rice, beans, salsa, veggies and cheese, all rolled into a grilled tortilla",Mexican,240,12,,Burrito-Platter,FALSE,FALSE,FALSE,Platter
Chilli Lime Fish Quesadilla,"Melted, cheesy goodness with chilli lime fish grilled in a flour tortilla",Mexican,14,,,Individually-Packed-Quesadilla,FALSE,FALSE,FALSE,Individual
Chilli Lime Fish Quesadilla Platter,"Melted, cheesy goodness with chilli lime fish grilled in a flour tortilla",Mexican,280,14,,Quesadilla-Platter,FALSE,FALSE,FALSE,Platter
Chilli Lime Fish Rice Bowl,"Chilli lime fish with rice, beans, salsa, veggies and cheese",Mexican,14,,,Individually-Packed-Bowl,FALSE,FALSE,FALSE,Individual
Chilli Lime Fish Rice Bowl Platter,"Chilli lime fish with rice, beans, salsa, veggies and cheese (Served as build your own bowl style)",Mexican,280,14,,Bowl-Platter,FALSE,FALSE,FALSE,Platter
Chinese Ratatouille,"Eggplant, green peppers & potatoes with garlic sauce",Chinese,200,10,,Main-Platter,TRUE,FALSE,FALSE,Platter
Chinese Ratatouille with Chowmein,,Chinese,20,,,Individually-Packed-Chowmein-Combo,TRUE,FALSE,FALSE,Platter
Chinese Ratatouille with Fried Rice,,Chinese,20,,,Individually-Packed-Rice-Combo,TRUE,FALSE,FALSE,Platter
Chipotle Cheddar Rice Bowl,"Brown Rice, Aged Cheddar, Black Beans, Cabbage, Carrots, Corn, Green Onion, Tomatoes, Creamy Chipotle Dressing",Healthy,15,,,Bowls,FALSE,FALSE,FALSE,Individual
Chips & Guacamole,Crispy chips with guacamole,Mexican,80,4,,Appetizer-Platter,FALSE,FALSE,FALSE,Platter
Chips & Queso,Crispy chips with queso,Mexican,80,4,,Appetizer-Platter,FALSE,FALSE,FALSE,Platter
Chips & Salsa,Crispy chips with salsa,Mexican,80,4,,Appetizer-Platter,FALSE,FALSE,FALSE,Platter
Choco Lava Crunch Cake (2 pieces),,Pizza,6,,,Dessert,FALSE,FALSE,FALSE,Individual
Chocolate Butter Cake Cookies,,Snacks & Drinks,6,,6,Snacks & Drinks,FALSE,FALSE,FALSE,Individual
Chocolate Chip Cookies,,Snacks & Drinks,6,,6,Snacks & Drinks,FALSE,FALSE,FALSE,Individual
Chocolate Chip Granola Bar,,Snacks & Drinks,4,,4,Snacks & Drinks,FALSE,FALSE,FALSE,Individual
Chocolate Granola Bar,,Snacks & Drinks,4,,4,Snacks & Drinks,FALSE,FALSE,FALSE,Individual
Chocolate PB Cookies,,Specialty Desserts,115,5.75,,5oz Cookies,FALSE,FALSE,FALSE,Platter
Chocolatines,,Baked Goods & Coffee,60,3,,Baked-Goods-Platter,FALSE,FALSE,FALSE,Platter
Churro Waffles,,Specialty Desserts,66,3.14,,Mini Waffles,FALSE,FALSE,FALSE,Platter
Churros with Caramel Sauce,Crispy churros with delctable caramel sauce,Mexican,80,4,,Dessert-Platter,FALSE,FALSE,FALSE,Platter
Churros with Nutella Sauce,Crispy churros with rich nutella sauce,Mexican,80,4,,Dessert-Platter,FALSE,FALSE,FALSE,Platter
Cilantro Cream Chicken Biryani,"Saffron rice with cilantro cream chicken, spices, fried onions and cilantro garnish.",Indian Fusion,16.5,,,Individually-Packed,FALSE,FALSE,FALSE,Individual
Cilantro Cream Chicken Biryani Platter,"Saffron rice with cilantro cream chicken, spices, fried onions and cilantro garnish.",Indian Fusion,300,15,,Biryani-Platter,FALSE,FALSE,FALSE,Platter
Cilantro Cream Chicken Dirty Samosa,"Baked potato samosas with cilantro cream chicken, fresh mint mayonnaise, chives and potato strings.",Indian Fusion,16.5,,,Individually-Packed,FALSE,FALSE,FALSE,Individual
Cilantro Cream Chicken Dirty Samosa Platter,"Baked potato samosas with cilantro cream chicken, fresh mint mayonnaise, chives and potato strings.",Indian Fusion,300,15,,Dirty-Samosa-Platter,FALSE,FALSE,FALSE,Platter
Cilantro Cream Chicken Mac & Cheese,"Macroni, cheddar, mozzarella, chives and cilantro cream chicken.",Indian Fusion,16.5,,,Individually-Packed,FALSE,FALSE,FALSE,Individual
Cilantro Cream Chicken Mac & Cheese Platter,"Macroni, cheddar, mozzarella, chives and cilantro cream chicken.",Indian Fusion,300,15,,Mac-&-Cheese-Platter,FALSE,FALSE,FALSE,Platter
Cilantro Cream Chicken Sandwich,"Ciabatta bun, cilantro cream chicken, house mayo, kale slaw and pickled onions.",Indian Fusion,16.5,,,Individually-Packed,FALSE,FALSE,FALSE,Individual
Cilantro Cream Chicken Sandwich Platter,"Ciabatta bun, cilantro cream chicken, house mayo, kale slaw and pickled onions.",Indian Fusion,300,15,,Sandwich-Platter,FALSE,FALSE,FALSE,Platter
Cilantro Cream Chicken Tacos,"Freshly made flour tortillas with cilantro cream chicken, mint mayo, pico de gallo, fresh jalapeno, cilantro and pickled onions.",Indian Fusion,16.5,,,Individually-Packed,FALSE,FALSE,FALSE,Individual
Cilantro Cream Chicken Tacos Platter,"Freshly made flour tortillas with cilantro cream chicken, mint mayo, pico de gallo, fresh jalapeno, cilantro and pickled onions.",Indian Fusion,300,15,,Indian-Tacos-Platter,FALSE,FALSE,FALSE,Platter
Cilantro Cream Chicken Tuscan Salad,"House citrus dressing, pumpkin seeds, cheese nacho crumbs, diced tomatoes, chickpeas, jalapeno and cilantro cream chicken.",Indian Fusion,16.5,,,Individually-Packed,FALSE,FALSE,FALSE,Individual
Cilantro Cream Chicken Tuscan Salad Platter,"House citrus dressing, pumpkin seeds, cheese nacho crumbs, diced tomatoes, chickpeas, jalapeno and cilantro cream chicken.",Indian Fusion,300,15,,Tuscan-Salad-Platter,FALSE,FALSE,FALSE,Platter
Cinna Bites (16 pieces),,Pizza,6,,,Dessert,FALSE,FALSE,FALSE,Individual
Classic Banh Mi,"French-influenced sandwich filled with pâté, vietnamese mayo, jambon, vietnamese ham",Vietnamese,13,,,Individually-Packed-Banh-Mi,FALSE,FALSE,FALSE,Individual
Classic Banh Mi Platter,"French-influenced sandwich filled with pâté, vietnamese mayo, jambon, vietnamese ham",Vietnamese,240,12,,Banh-Mi-Platter,FALSE,FALSE,FALSE,Platter
Classic Hot Buffalo Chicken,,Pizza,12,,,Chicken,FALSE,FALSE,FALSE,Individual
Classic Potato Chips,,Snacks & Drinks,5,,5,Snacks & Drinks,FALSE,FALSE,FALSE,Individual
Cobb Salad,"Field Greens, Romaine, Aged Cheddar, Avocado, Bacon, Hard Boiled Egg, Corn, Tomatoes, Ranch",Healthy,15,,,Salads,FALSE,FALSE,FALSE,Individual
Coca-Cola (12 Cans),,Snacks & Drinks,14,,14,Snacks & Drinks,FALSE,FALSE,FALSE,Individual
Coca-Cola (2L Bottle),,Snacks & Drinks,5.5,,5.5,Snacks & Drinks,FALSE,FALSE,FALSE,Individual
Coca-Cola Zero (12 Cans),,Snacks & Drinks,14,,14,Snacks & Drinks,FALSE,FALSE,FALSE,Individual
Coca-Cola Zero (2L Bottle),,Snacks & Drinks,5.5,,5.5,Snacks & Drinks,FALSE,FALSE,FALSE,Individual
Coffee (Serves 12),,Baked Goods & Coffee,48,4,,Drinks,FALSE,FALSE,FALSE,Platter
Cookie,,Mediterranean,80,4,,Dessert,FALSE,FALSE,FALSE,Platter
Cookie N Cream Cookies,,Specialty Desserts,115,5.75,,5oz Cookies,FALSE,FALSE,FALSE,Platter
Cookies,Assorted fresh cookies,Mexican,80,4,,Dessert-Platter,FALSE,FALSE,FALSE,Platter
Crab & Tobiko Salad,,Japanese,120,6,,Sides-Platter,FALSE,FALSE,FALSE,Platter
Cripsy Bacon & Tomato Chicken,,Pizza,12,,,Chicken,FALSE,FALSE,FALSE,Individual
Crispy Chicken Burger,,American,240,12,,Burger-Platter,FALSE,FALSE,FALSE,Platter
Crispy Chicken Burger,,American,15,,,Individually-Packed-Burger,FALSE,FALSE,FALSE,Platter
Crispy Chilli Lime Fish Tacos,"Crispy corn taco shells with chilli lime fish, salsa, cheese and sauces (Served as build your own taco style)",Mexican,90,4.5,,Appetizer-Platter,FALSE,FALSE,FALSE,Platter
Crispy Grilled Chicken Tacos,"Crispy corn taco shells with grilled chicken, salsa, cheese and sauces (Served as build your own taco style)",Mexican,90,4.5,,Appetizer-Platter,FALSE,FALSE,TRUE,Platter
Crispy Grilled Veggie Tacos,"Crispy corn taco shells with grilled veggie, salsa, cheese and sauces (Served as build your own taco style)",Mexican,90,4.5,,Appetizer-Platter,FALSE,FALSE,FALSE,Platter
Crispy Ground Beef Tacos,"Crispy corn taco shells with ground beef, salsa, cheese and sauces (Served as build your own taco style)",Mexican,90,4.5,,Appetizer-Platter,FALSE,FALSE,FALSE,Platter
Crispy Pork Al Pastor Tacos,"Crispy corn taco shells with pork al pastor, salsa, cheese and sauces (Served as build your own taco style)",Mexican,90,4.5,,Appetizer-Platter,FALSE,FALSE,FALSE,Platter
Crispy Spicy Chicken Tacos,"Crispy corn taco shells with spicy chicken, salsa, cheese and sauces (Served as build your own taco style)",Mexican,90,4.5,,Appetizer-Platter,FALSE,FALSE,FALSE,Platter
Crispy Spicy Tofu Tacos,"Crispy corn taco shells with spicy tofu, salsa, cheese and sauces (Served as build your own taco style)",Mexican,90,4.5,,Appetizer-Platter,FALSE,FALSE,FALSE,Platter
Cumin Beef Flatbread,Sesame flatbread filled with cumin beef & hot peppers,Chinese,100,5,,Appetizer-Platter,FALSE,FALSE,FALSE,Individual
Dal Makhani,Black lentils cooked in traditional slow cooking method with fragrant spices,Indian,140,7,,Curry-Platter,TRUE,FALSE,FALSE,Platter
Dal Turka,"Yellow moong lentils with Indian spices sauteed with oinion, tomatoes & garlic",Indian,140,7,,Curry-Platter,TRUE,FALSE,FALSE,Platter
Decaf Coffee (Serves 12),,Baked Goods & Coffee,48,4,,Drinks,FALSE,FALSE,FALSE,Platter
Deep Fried Tofu,"Deep fried tofu with plum sauce, crushed peanuts and cilantro",Thai,75,3.75,,Appetizer-Platter,FALSE,FALSE,FALSE,Platter
Diet Coca-Cola (12 Cans),,Snacks & Drinks,14,,14,Snacks & Drinks,FALSE,FALSE,FALSE,Individual
Diet Coca-Cola (2L Bottle),,Snacks & Drinks,5.5,,5.5,Snacks & Drinks,FALSE,FALSE,FALSE,Individual
Dill Pickle Potato Chips,,Snacks & Drinks,5,,5,Snacks & Drinks,FALSE,FALSE,FALSE,Individual
Double Scallop Poke Bowl (Large),,Hawaiian,19,,,Large-Poke-Bowls,FALSE,FALSE,FALSE,Individual
Double Scallop Poke Bowl (Regular),,Hawaiian,16,,,Regular-Poke-Bowls,FALSE,FALSE,FALSE,Individual
Dr. Pepper (12 Cans),,Snacks & Drinks,14,,14,Snacks & Drinks,FALSE,FALSE,FALSE,Individual
Dr. Pepper (2L Bottle),,Snacks & Drinks,5.5,,5.5,Snacks & Drinks,FALSE,FALSE,FALSE,Individual
Earl Grey Honey Cookies,,Specialty Desserts,115,5.75,,5oz Cookies,FALSE,FALSE,FALSE,Platter
Edamame,,Japanese,100,5,,Sides-Platter,FALSE,FALSE,FALSE,Platter
Falafel + Chicken Meal Platter,"Fresh falafel & grilled chicken with basmati rice, lettuce, tomatoes, olives, pita bread, white sauce & hot sauce.",Mediterranean,400,20,,Meal-Platters,FALSE,FALSE,TRUE,Platter
Falafel + Gyro Meal Platter,"Fresh falafel & beef gyro with basmati rice, lettuce, tomatoes, olives, pita bread, white sauce & hot sauce.",Mediterranean,400,20,,Meal-Platters,FALSE,FALSE,TRUE,Platter
Falafel Bowl,"Fresh falafel with basmati rice, lettuce, tomatoes, green pepper, onion, pita bread, white sauce & hot sauce.",Mediterranean,18,,,Individually-Packed-Bowls,FALSE,FALSE,TRUE,Individual
Falafel Meal Platter,"Fresh falafel with basmati rice, lettuce, tomatoes, olives, pita bread, white sauce & hot sauce.",Mediterranean,400,20,,Meal-Platters,FALSE,FALSE,TRUE,Platter
Falafel Sandwich,"Fresh falafel with lettuce, tomatoes, green peppers, onion, white sauce & hot sauce.",Mediterranean,15,,,Individually-Packed-Wraps,FALSE,FALSE,TRUE,Individual
Fettuccine Alfredo Platter,,Pasta,300,15,,Pasta-Platter,FALSE,FALSE,FALSE,Platter
Fettuccine Alfredo with Focaccia,,Pasta,18,,,Individually-Packed-Pasta,FALSE,FALSE,FALSE,Individual
Fiesta Salad,"Field Greens, Aged Cheddar, Avocado, Salsa Fresca, Black Beans, Corn, Crispy Wontons, Cilantro Lime",Healthy,15,,,Salads,FALSE,FALSE,FALSE,Individual
Fish Cake,"Deep fried fish cakes mixed with curry paste, lime leaves, green bean and served with sweet chili sauce",Thai,95,4.75,,Appetizer-Platter,FALSE,FALSE,FALSE,Platter
Fish Curry,Fish cooked in a unique blend of coriander & coconut milk,Indian,140,7,,Curry-Platter,FALSE,FALSE,FALSE,Platter
Fish Curry Combo,"Fish Curry with Dal Makhani, Rice & Naan ",Indian,19,,,Individual-Combo,FALSE,FALSE,FALSE,Individual
Fish Curry Combo with Dessert,"Fish Curry with Dal Makhani, Rice, Naan & Gulab Jamun",Indian,20,,,Individual-Combo-with-Dessert,FALSE,FALSE,FALSE,Individual
Fish Fillet Burger,,American,240,12,,Burger-Platter,FALSE,FALSE,FALSE,Platter
Fish Fillet Burger,,American,15,,,Individually-Packed-Burger,FALSE,FALSE,FALSE,Individual
Fish Masala,Fish cooked in a traditional Indian sauce,Indian,140,7,,Curry-Platter,FALSE,FALSE,FALSE,Platter
Fish Masala Combo,"Fish Masala with Dal Makhani, Rice & Naan ",Indian,19,,,Individual-Combo,FALSE,FALSE,FALSE,Individual
Fish Masala Combo with Dessert,"Fish Masala with Dal Makhani, Rice, Naan & Gulab Jamun",Indian,20,,,Individual-Combo-with-Dessert,FALSE,FALSE,FALSE,Individual
Fish Pakora,Fish battered with three types of flour & deep fried,Indian,120,6,,Appetizer-Platter,FALSE,FALSE,FALSE,Platter
French Fries,,American,120,6,,Sides-Platter,TRUE,FALSE,FALSE,Individual
Fried Chicken Wings,,American,240,12,,Chicken-Platter,FALSE,FALSE,FALSE,Platter
Fruit Punch Juice (8 Pack),,Snacks & Drinks,8,,8,Snacks & Drinks,FALSE,FALSE,FALSE,Individual
Fuit & Nut Granola Bar,,Snacks & Drinks,4,,4,Snacks & Drinks,FALSE,FALSE,FALSE,Individual
Garlic Dip,,Pizza,1.5,,,Dips,FALSE,FALSE,FALSE,Individual
Garlic Naan,Flavored with garlic & basil,Indian,70,3.5,,Breads-Platter,TRUE,FALSE,FALSE,Platter
General Tso’s Chicken,Crispy battered chicken tossed in a spicy tangy sauce,Chinese,200,10,,Main-Platter,FALSE,FALSE,FALSE,Platter
General Tso’s Chicken with Chowmein,,Chinese,20,,,Individually-Packed-Chowmein-Combo,FALSE,FALSE,FALSE,Individual
General Tso’s Chicken with Fried Rice,,Chinese,20,,,Individually-Packed-Rice-Combo,FALSE,FALSE,FALSE,Platter
Gimme S'mores Cookies,,Specialty Desserts,115,5.75,,5oz Cookies,FALSE,FALSE,FALSE,Platter
Ginger Ale (12 Cans),,Snacks & Drinks,14,,14,Snacks & Drinks,FALSE,FALSE,FALSE,Individual
Ginger Ale (2L Bottle),,Snacks & Drinks,5.5,,5.5,Snacks & Drinks,FALSE,FALSE,FALSE,Individual
Gluten Free Cheese Pizza,,Pizza,15,,,Pizza,FALSE,TRUE,FALSE,Individual
Gluten Free Vegan Cheese Pizza,,Pizza,17,,,Pizza,TRUE,TRUE,FALSE,Individual
Gluten Free Veggie Pizza,,Pizza,17,,,Pizza,FALSE,TRUE,FALSE,Individual
Grapefruit Sparkling Water (12 Pack),,Snacks & Drinks,14,,14,Snacks & Drinks,FALSE,FALSE,FALSE,Individual
Greek Salad,"Field Greens, Romaine, Feta Cheese, Kalamata Olives, Cucumber, Red Onions, Tomatoes, Greek Vinaigrette",Healthy,15,,,Salads,FALSE,FALSE,FALSE,Individual
"Greens, Eggs & Kale Bowl ","Scrambled Eggs, Feta, Kale, Cherry Tomatoes, Green Onion, Spicy Yogurt",Healthy,14,,,Bowls,FALSE,FALSE,FALSE,Individual
Grilled Beef Burger,,American,240,12,,Burger-Platter,FALSE,FALSE,FALSE,Platter
Grilled Beef Burger,,American,15,,,Individually-Packed-Burger,FALSE,FALSE,FALSE,Platter
Grilled Beef Salad,"Grilled beef, onions, cucumbers, tomatoes tossed in spicy chili garlic dressing and served on a bed of greens",Thai,15,,,Individually-Packed-Salads,FALSE,FALSE,FALSE,Individual
Grilled Chicken Burger,,American,240,12,,Burger-Platter,FALSE,FALSE,FALSE,Individual
Grilled Chicken Burger,,American,15,,,Individually-Packed-Burger,FALSE,FALSE,FALSE,Platter
Grilled Chicken Burrito,"Grilled Chicken with rice, beans, salsa, veggies and cheese, all rolled into a grilled tortilla",Mexican,12,,,Individually-Packed-Burrito,FALSE,FALSE,TRUE,Individual
Grilled Chicken Burrito Platter,"Grilled Chicken with rice, beans, salsa, veggies and cheese, all rolled into a grilled tortilla",Mexican,240,12,,Burrito-Platter,FALSE,FALSE,TRUE,Platter
Grilled Chicken Poke Bowl (Large),,Hawaiian,19,,,Large-Poke-Bowls,FALSE,FALSE,FALSE,Individual
Grilled Chicken Poke Bowl (Regular),,Hawaiian,16,,,Regular-Poke-Bowls,FALSE,FALSE,FALSE,Individual
Grilled Chicken Quesadilla,"Melted, cheesy goodness with grilled chicken grilled in a flour tortilla",Mexican,14,,,Individually-Packed-Quesadilla,FALSE,FALSE,TRUE,Individual
Grilled Chicken Quesadilla Platter,"Melted, cheesy goodness with grilled chicken grilled in a flour tortilla",Mexican,280,14,,Quesadilla-Platter,FALSE,FALSE,TRUE,Platter
Grilled Chicken Rice Bowl,"Grilled Chicken with rice, beans, salsa, veggies and cheese",Mexican,14,,,Individually-Packed-Bowl,FALSE,FALSE,TRUE,Individual
Grilled Chicken Rice Bowl Platter,"Grilled Chicken with rice, beans, salsa, veggies and cheese (Served as build your own bowl style)",Mexican,280,14,,Bowl-Platter,FALSE,FALSE,TRUE,Platter
Grilled Veggie Burrito,"Grilled Veggie with rice, beans, salsa, veggies and cheese, all rolled into a grilled tortilla",Mexican,12,,,Individually-Packed-Burrito,FALSE,FALSE,FALSE,Individual
Grilled Veggie Burrito Platter,"Grilled Veggie with rice, beans, salsa, veggies and cheese, all rolled into a grilled tortilla",Mexican,240,12,,Burrito-Platter,FALSE,FALSE,FALSE,Platter
Grilled Veggie Quesadilla,"Melted, cheesy goodness with grilled veggies grilled in a flour tortilla",Mexican,14,,,Individually-Packed-Quesadilla,FALSE,FALSE,FALSE,Individual
Grilled Veggie Quesadilla Platter,"Melted, cheesy goodness with grilled veggies grilled in a flour tortilla",Mexican,280,14,,Quesadilla-Platter,FALSE,FALSE,FALSE,Platter
Grilled Veggie Rice Bowl,"Grilled Veggie with rice, beans, salsa, veggies and cheese",Mexican,14,,,Individually-Packed-Bowl,FALSE,FALSE,FALSE,Individual
Grilled Veggie Rice Bowl Platter,"Grilled Veggie with rice, beans, salsa, veggies and cheese (Served as build your own bowl style)",Mexican,280,14,,Bowl-Platter,FALSE,FALSE,FALSE,Platter
Ground Beef Burrito,"Ground beef with rice, beans, salsa, veggies and cheese, all rolled into a grilled tortilla",Mexican,12,,,Individually-Packed-Burrito,FALSE,FALSE,FALSE,Individual
Ground Beef Burrito Platter,"Ground beef with rice, beans, salsa, veggies and cheese, all rolled into a grilled tortilla",Mexican,240,12,,Burrito-Platter,FALSE,FALSE,FALSE,Platter
Ground Beef Quesadilla,"Melted, cheesy goodness with grilled beef grilled in a flour tortilla",Mexican,14,,,Individually-Packed-Quesadilla,FALSE,FALSE,FALSE,Individual
Ground Beef Quesadilla Platter,"Melted, cheesy goodness with grilled beef grilled in a flour tortilla",Mexican,280,14,,Quesadilla-Platter,FALSE,FALSE,FALSE,Platter
Ground Beef Rice Bowl,"Ground beef with rice, beans, salsa, veggies and cheese",Mexican,14,,,Individually-Packed-Bowl,FALSE,FALSE,FALSE,Individual
Ground Beef Rice Bowl Platter,"Ground beef with rice, beans, salsa, veggies and cheese (Served as build your own bowl style)",Mexican,280,14,,Bowl-Platter,FALSE,FALSE,FALSE,Platter
Gulab Jamun,,Indian Fusion,120,6,,Dessert-Platter,FALSE,FALSE,FALSE,Platter
Gulab Jamun,,Indian Fusion,6,,,Individually-Packed,FALSE,FALSE,FALSE,Individual
Gulab Jamun,"Fried dough balls that are soaked in a sweet, sticky sugar syrup",Indian,80,4,,Dessert-Platter,TRUE,FALSE,FALSE,Platter
Gyro Bowl,"Beef gyro with basmati rice, lettuce, tomatoes, green pepper, onion, pita bread, white sauce & hot sauce.",Mediterranean,18,,,Individually-Packed-Bowls,FALSE,FALSE,TRUE,Individual
Gyro Meal Platter,"Beef gyro with basmati rice, lettuce, tomatoes, olives, pita bread, white sauce & hot sauce.",Mediterranean,400,20,,Meal-Platters,FALSE,FALSE,TRUE,Individual
Gyro Sandwich,"Beef Gyro with lettuce, tomatoes, green peppers, onion, white sauce & hot sauce.",Mediterranean,15,,,Individually-Packed-Wraps,FALSE,FALSE,TRUE,Individual
Ham & Bacon Sandwich Platter,"Freshly baked white baguette with mortadella & hot bacon along with provolone, dressed lettuce, tomatoes, onions & mayo.",Sandwiches,300,15,,Sandwich-Platter,FALSE,FALSE,FALSE,Platter
Ham & Cheese Sandwich Platter,"Freshly baked white baguette with mortadella along with extra provolone cheese, dressed lettuce, tomatoes, onions & mayo.",Sandwiches,300,15,,Sandwich-Platter,FALSE,FALSE,FALSE,Platter
Honey Garlic Chicken Banh Mi,Boneless chicken breast simmered in a sweet and savory four-ingredient recipe tand coated with honey garlic sauce,Vietnamese,13,,,Individually-Packed-Banh-Mi,FALSE,FALSE,FALSE,Individual
Honey Garlic Chicken Banh Mi Platter,Boneless chicken breast simmered in a sweet and savory four-ingredient recipe tand coated with honey garlic sauce,Vietnamese,240,12,,Banh-Mi-Platter,FALSE,FALSE,FALSE,Platter
Honey Garlic Chicken Wings,,Pizza,12,,,Chicken,FALSE,FALSE,FALSE,Individual
Honey Garlic Spareribs,Crispy spareribs tossed in a minced garlic & honey sauce,Chinese,200,10,,Main-Platter,FALSE,FALSE,FALSE,Individual
Honey Garlic Spareribs with Chowmein,,Chinese,20,,,Individually-Packed-Chowmein-Combo,FALSE,FALSE,FALSE,Individual
Honey Garlic Spareribs with Fried Rice,,Chinese,20,,,Individually-Packed-Rice-Combo,FALSE,FALSE,FALSE,Platter
Hot & Spicy Squid,Crispy squid in a spicy peppercorn dressing & garlic,Chinese,200,10,,Main-Platter,FALSE,FALSE,FALSE,Individual
Hot & Spicy Squid with Chowmein,,Chinese,20,,,Individually-Packed-Chowmein-Combo,FALSE,FALSE,FALSE,Platter
Hot & Spicy Squid with Fried Rice,,Chinese,20,,,Individually-Packed-Rice-Combo,FALSE,FALSE,FALSE,Platter
Hot Buffalo Dip,,Pizza,1.5,,,Dips,FALSE,FALSE,FALSE,Individual
Hot Chocolate (Serves 12),,Baked Goods & Coffee,48,4,,Drinks,FALSE,FALSE,FALSE,Platter
Hot Salami Sandwich Platter,"Freshly baked white baguette with spicy genoa salami along with provolone, dressed lettuce, tomatoes, onions & mayo.",Sandwiches,300,15,,Sandwich-Platter,FALSE,FALSE,FALSE,Platter
Huevos Egg Bowl,"Scrambled Egg & Kale, Avocado, Aged Cheddar, Black Beans, Salsa Fresca, Fiery Bbq Sauce",Healthy,14,,,Bowls,FALSE,FALSE,FALSE,Individual
Italian Deli Sandwich Platter,"Freshly baked white baguette with mortadella & mild genoa salami along with provolone, dressed lettuce, tomatoes, onions & mayo.",Sandwiches,300,15,,Sandwich-Platter,FALSE,FALSE,FALSE,Platter
Italian Market Chicken Wrap,"Field greens, Kale, Chicken, Mozzarella, Beet Slaw, Red Onions, Balsamic Vinaigrette, Whole Wheat Wrap",Healthy,16,,,Wraps,FALSE,FALSE,FALSE,Individual
Jeera Rice,Basmati rice cooked with cumin seeds & aromatic flavor,Indian,80,4,,Rice-Platter,TRUE,FALSE,FALSE,Platter
Kadhai Lamb,"Boneless lamb cooked with fresh tomatoes, onions, green peppers, and fresh spices",Indian,160,8,,Curry-Platter,FALSE,FALSE,FALSE,Platter
Kadhai Paneer,"Marinated & baked paneer cooked with onion, tomatoes, bell peppers & garlic sauce",Indian,140,7,,Curry-Platter,TRUE,FALSE,FALSE,Platter
Kadhai Paneer Combo,"Kadhai Paneer with Dal Makhani, Rice & Naan ",Indian,19,,,Individual-Combo,TRUE,FALSE,FALSE,Individual
Kadhai Paneer Combo with Dessert,"Kadhai Paneer with Dal Makhani, Rice, Naan & Gulab Jamun",Indian,20,,,Individual-Combo-with-Dessert,TRUE,FALSE,FALSE,Individual
Kale Caesar Salad,"Kale, Quinoa, Crispy Chickpeas, Hemp seeds, Parmesan Cheese, Caesar",Healthy,15,,,Salads,FALSE,FALSE,FALSE,Individual
Ketchup Potato Chips,,Snacks & Drinks,5,,5,Snacks & Drinks,FALSE,FALSE,FALSE,Individual
Kheer,"Chilled dessert made from slow-cooked rice, milk, and sugar",Indian,80,4,,Dessert-Platter,TRUE,FALSE,FALSE,Platter
Kung Pao Chicken,"Boneless chicken stir-fried with peanuts, and vegetables",Chinese,200,10,,Main-Platter,FALSE,FALSE,FALSE,Platter
Kung Pao Chicken with Chowmein,,Chinese,20,,,Individually-Packed-Chowmein-Combo,FALSE,FALSE,FALSE,Individual
Kung Pao Chicken with Fried Rice,,Chinese,20,,,Individually-Packed-Rice-Combo,FALSE,FALSE,FALSE,Platter
Kung Pao Prawns,"Prawns stir-fried with sweet & chilli peppers, onions & peanuts",Chinese,200,10,,Main-Platter,FALSE,FALSE,FALSE,Individual
Kung Pao Prawns with Chowmein,,Chinese,20,,,Individually-Packed-Chowmein-Combo,FALSE,FALSE,FALSE,Individual
Kung Pao Prawns with Fried Rice,,Chinese,20,,,Individually-Packed-Rice-Combo,FALSE,FALSE,FALSE,Individual
Laab-Chicken,"Spicy chicken salad with chili, shallots, green onion, mint, and roasted rice in lime sauce",Thai,15,,,Individually-Packed-Salads,FALSE,FALSE,FALSE,Individual
Laab-Pork,"Spicy pork salad with chili, shallots, green onion, mint, and roasted rice in lime sauce",Thai,15,,,Individually-Packed-Salads,FALSE,FALSE,FALSE,Individual
Lamb Biryani,Basmati rice cooked with lamb & Indian spices,Indian,140,7,,Rice-Platter,FALSE,FALSE,FALSE,Platter
Lamb Curry,Boneless lamb cooked in onion sauce with fresh ginger and spices,Indian,160,8,,Curry-Platter,FALSE,FALSE,FALSE,Platter
Lamb Kebab,Lamb marinatd in fresh Indian spices and grilled in the tandoor to perfection,Indian,160,8,,Appetizer-Platter,FALSE,FALSE,FALSE,Platter
Lamb Korma,Boneless lamb cooked in white cashew nut sauce,Indian,160,8,,Curry-Platter,FALSE,FALSE,FALSE,Platter
Lamb Makhani,Boneless lamb cooked in creamy tomato sauce,Indian,160,8,,Curry-Platter,FALSE,FALSE,FALSE,Platter
Lamb Vindaloo,"Boneless lamb and potatoes cooked in a zesty, tangy curry sauce",Indian,160,8,,Curry-Platter,FALSE,FALSE,FALSE,Platter
Large BBQ Chicken Pizza,,Pizza,17,,,Pizza,FALSE,FALSE,FALSE,Individual
Large Cheese Pizza,,Pizza,15,,,Pizza,FALSE,FALSE,FALSE,Individual
Large Chicken Alfredo Pizza,,Pizza,17,,,Pizza,FALSE,FALSE,FALSE,Individual
Large Chicken Ranch Pizza,,Pizza,17,,,Pizza,FALSE,FALSE,FALSE,Individual
Large Ham & Bacon Sandwich,"Freshly baked white baguette with mortadella & hot bacon along with provolone, dressed lettuce, tomatoes, onions & mayo.",Sandwiches,19,,,Individually-Packed-Sandwich,FALSE,FALSE,FALSE,Individual
Large Ham & Cheese Sandwich,"Freshly baked white baguette with mortadella along with extra provolone cheese, dressed lettuce, tomatoes, onions & mayo.",Sandwiches,19,,,Individually-Packed-Sandwich,FALSE,FALSE,FALSE,Individual
Large Hawaiian Pizza,,Pizza,15,,,Pizza,FALSE,FALSE,FALSE,Individual
Large Hot Salami Sandwich,"Freshly baked white baguette with spicy genoa salami along with provolone, dressed lettuce, tomatoes, onions & mayo.",Sandwiches,19,,,Individually-Packed-Sandwich,FALSE,FALSE,FALSE,Individual
Large Italian Deli Sandwich,"Freshly baked white baguette with mortadella & mild genoa salami along with provolone, dressed lettuce, tomatoes, onions & mayo.",Sandwiches,19,,,Individually-Packed-Sandwich,FALSE,FALSE,FALSE,Individual
Large Meatball Sandwich,"Freshly baked white baguette with meatball & tomato sauce along with provolone, dressed lettuce, tomatoes, onions & mayo.",Sandwiches,19,,,Individually-Packed-Sandwich,FALSE,FALSE,FALSE,Individual
Large Pepperoni Pizza,,Pizza,15,,,Pizza,FALSE,FALSE,FALSE,Individual
Large Roast Beef Sandwich,"Freshly baked white baguette with roasted beef breast along with provolone, dressed lettuce, tomatoes, onions & mayo.",Sandwiches,19,,,Individually-Packed-Sandwich,FALSE,FALSE,FALSE,Individual
Large Tuna Sandwich,"Freshly baked white baguette with tuna salad along with provolone, dressed lettuce, tomatoes, onions & mayo.",Sandwiches,19,,,Individually-Packed-Sandwich,FALSE,FALSE,FALSE,Individual
Large Turkey Sandwich,"Freshly baked white baguette with smoked turkey breast along with provolone, dressed lettuce, tomatoes, onions & mayo.",Sandwiches,19,,,Individually-Packed-Sandwich,FALSE,FALSE,FALSE,Individual
Large Vegan Sandwich,"Freshly baked white baguette with roasted red pepper, roasted mushroom and pickles along with lettuce, tomatoes & onions.",Sandwiches,19,,,Individually-Packed-Sandwich,TRUE,FALSE,FALSE,Individual
Large Vegan Veggie Pizza,,Pizza,15,,,Pizza,TRUE,FALSE,FALSE,Individual
Large Veggie Pizza,,Pizza,15,,,Pizza,FALSE,FALSE,FALSE,Individual
Large Veggie Sandwich,"Freshly baked white baguette with roasted red pepper, roasted mushroom and pickles along with provolone, dressed lettuce, tomatoes, onions & mayo.",Sandwiches,19,,,Individually-Packed-Sandwich,FALSE,FALSE,FALSE,Individual
Lemon Chicken,Crispy battered chicken tossed in a tangy lemon sauce,Chinese,200,10,,Main-Platter,FALSE,FALSE,FALSE,Individual
Lemon Chicken with Chowmein,,Chinese,20,,,Individually-Packed-Chowmein-Combo,FALSE,FALSE,FALSE,Platter
Lemon Chicken with Fried Rice,,Chinese,20,,,Individually-Packed-Rice-Combo,FALSE,FALSE,FALSE,Individual
Lime Sparkling Water (12 Pack),,Snacks & Drinks,14,,14,Snacks & Drinks,FALSE,FALSE,FALSE,Individual
Macroni Salad,,Sandwiches,140,7,,Sides-Platter,FALSE,FALSE,FALSE,Platter
Macroni Salad,,Pasta,120,6,,Sides-Platter,FALSE,FALSE,FALSE,Platter
Maki Combo,"Tuna Maki, Salmon Mak & Cucumber Maki ",Japanese,15.5,,,Individually-Packed-Sushi-Combos,FALSE,FALSE,FALSE,Individual
Marbled Cookie Brownie (6 pieces),,Pizza,7,,,Dessert,FALSE,FALSE,FALSE,Individual
Marinara Dip,,Pizza,1.5,,,Dips,FALSE,FALSE,FALSE,Individual
Matcha Latte Cookies,,Specialty Desserts,115,5.75,,5oz Cookies,FALSE,FALSE,FALSE,Platter
Matcha Waffles,,Specialty Desserts,66,3.14,,Mini Waffles,FALSE,FALSE,FALSE,Platter
Meatball Sandwich Platter,"Freshly baked white baguette with meatball & tomato sauce along with provolone, dressed lettuce, tomatoes, onions & mayo.",Sandwiches,300,15,,Sandwich-Platter,FALSE,FALSE,FALSE,Platter
Mezze Delight Quinoa Bowl,"Field Greens, Quinoa, Crispy Chickpeas, Beet Slaw, Cabbage, Cilantro, Cucumber, Sesame Seeds, Tomatoes, Lemon Za'Atar Vinaigrette, Tahini Sauce",Healthy,15,,,Bowls,FALSE,FALSE,FALSE,Individual
Milk Chocolate Cookies,,Snacks & Drinks,6,,6,Snacks & Drinks,FALSE,FALSE,FALSE,Individual
Milky Crunch Waffles,,Specialty Desserts,66,3.14,,Mini Waffles,FALSE,FALSE,FALSE,Platter
Minced Garlic Pork Banh Mi,Vietnamese pork sausage with aromatic garlic and a hint of sweetness perfectly balanced with smoky flavors,Vietnamese,13,,,Individually-Packed-Banh-Mi,FALSE,FALSE,FALSE,Individual
Minced Garlic Pork Banh Mi Platter,Vietnamese pork sausage with aromatic garlic and a hint of sweetness perfectly balanced with smoky flavors,Vietnamese,240,12,,Banh-Mi-Platter,FALSE,FALSE,FALSE,Platter
Mini Brownies,,Baked Goods & Coffee,60,3,,Baked-Goods-Platter,FALSE,FALSE,FALSE,Platter
Mixed Berry Granola Bar,,Snacks & Drinks,4,,4,Snacks & Drinks,FALSE,FALSE,FALSE,Individual
Mixed Berry Juice (8 Pack),,Snacks & Drinks,8,,8,Snacks & Drinks,FALSE,FALSE,FALSE,Individual
Mixed Olives,,Sandwiches,140,7,,Sides-Platter,FALSE,FALSE,FALSE,Platter
Mixed Olives,,Pasta,120,6,,Sides-Platter,FALSE,FALSE,FALSE,Platter
Mixed Veggie Salad,"Broccoli, carrot, cabbage, cauliflower, tossed in coconut lime sauce",Thai,15,,,Individually-Packed-Salads,FALSE,FALSE,FALSE,Individual
Mouth Watering Chicken,Chicken tossed in a spicy Szechuan peppercorn dressing & garlic,Chinese,100,5,,Appetizer-Platter,FALSE,FALSE,FALSE,Individual
Num-Tok Beef,"Spicy salad with chili, shallots, green onion, mint, and roasted rice in lime sauce",Thai,15,,,Individually-Packed-Salads,FALSE,FALSE,FALSE,Individual
Num-Tok Pork,"Spicy pork salad with chili, shallots, green onion, mint, and roasted rice in lime sauce",Thai,15,,,Individually-Packed-Salads,FALSE,FALSE,FALSE,Individual
Oatmeal Cookies,,Snacks & Drinks,6,,6,Snacks & Drinks,FALSE,FALSE,FALSE,Individual
Oats & Honey Granola Bar,,Snacks & Drinks,4,,4,Snacks & Drinks,FALSE,FALSE,FALSE,Individual
OG Cookies,,Specialty Desserts,115,5.75,,5oz Cookies,FALSE,FALSE,FALSE,Platter
Onion Rings,,American,160,8,,Sides-Platter,TRUE,FALSE,FALSE,Platter
Orange Juice (8 Pack),,Snacks & Drinks,8,,8,Snacks & Drinks,FALSE,FALSE,FALSE,Individual
Original Waffles,,Specialty Desserts,66,3.14,,Mini Waffles,FALSE,FALSE,FALSE,Platter
Palak Paneer,"Homemade cheese cooked with spinach, onions & Indian spices",Indian,140,7,,Curry-Platter,TRUE,FALSE,FALSE,Platter
Palak Paneer Combo,"Palak Paneer with Dal Makhani, Rice & Naan ",Indian,19,,,Individual-Combo,TRUE,FALSE,FALSE,Individual
Palak Paneer Combo with Dessert,"Palak Paneer with Dal Makhani, Rice, Naan & Gulab Jamun",Indian,20,,,Individual-Combo-with-Dessert,TRUE,FALSE,FALSE,Individual
Pan Fried Chicken Potstickers,Dumplings filled with minced chicken & cabbage,Chinese,100,5,,Appetizer-Platter,FALSE,FALSE,FALSE,Platter
Pan Fried Pork Buns,"Pork buns filled with pork & scallions, soft bun, crispy bottom",Chinese,100,5,,Appetizer-Platter,FALSE,FALSE,FALSE,Platter
Pan Fried Pork Potstickers,Pork dumplings filled with minced pork & cabbage,Chinese,100,5,,Appetizer-Platter,FALSE,FALSE,FALSE,Platter
Paneer Butter Masala Biryani,"Saffron rice with paneer butter masala, spices, fried onions and cilantro garnish.",Indian Fusion,16.5,,,Individually-Packed,FALSE,FALSE,FALSE,Individual
Paneer Butter Masala Biryani Platter,"Saffron rice with paneer butter masala, spices, fried onions and cilantro garnish.",Indian Fusion,300,15,,Biryani-Platter,FALSE,FALSE,FALSE,Platter
Paneer Butter Masala Dirty Samosa,"Baked potato samosas with butter paneer masala, fresh mint mayonnaise, chives and potato strings.",Indian Fusion,16.5,,,Individually-Packed,FALSE,FALSE,FALSE,Individual
Paneer Butter Masala Dirty Samosa Platter,"Baked potato samosas with butter paneer masala, fresh mint mayonnaise, chives and potato strings.",Indian Fusion,300,15,,Dirty-Samosa-Platter,FALSE,FALSE,FALSE,Platter
Paneer Butter Masala Mac & Cheese,"Macroni, cheddar, mozzarella, chives and butter paneer masala.",Indian Fusion,16.5,,,Individually-Packed,FALSE,FALSE,FALSE,Individual
Paneer Butter Masala Mac & Cheese Platter,"Macroni, cheddar, mozzarella, chives and butter paneer masala.",Indian Fusion,300,15,,Mac-&-Cheese-Platter,FALSE,FALSE,FALSE,Platter
Paneer Butter Masala Sandwich,"Ciabatta bun, paneer butter masala, house mayo, kale slaw and pickled onions.",Indian Fusion,16.5,,,Individually-Packed,FALSE,FALSE,FALSE,Individual
Paneer Butter Masala Sandwich Platter,"Ciabatta bun, paneer butter masala, house mayo, kale slaw and pickled onions.",Indian Fusion,300,15,,Sandwich-Platter,FALSE,FALSE,FALSE,Platter
Paneer Butter Masala Tacos,"Freshly made flour tortillas with paneer butter masala, mint mayo, pico de gallo, fresh jalapeno, cilantro and pickled onions.",Indian Fusion,16.5,,,Individually-Packed,FALSE,FALSE,FALSE,Individual
Paneer Butter Masala Tacos Platter,"Freshly made flour tortillas with paneer butter masala, mint mayo, pico de gallo, fresh jalapeno, cilantro and pickled onions.",Indian Fusion,300,15,,Indian-Tacos-Platter,FALSE,FALSE,FALSE,Platter
Paneer Butter Masala Tuscan Salad,"House citrus dressing, pumpkin seeds, cheese nacho crumbs, diced tomatoes, chickpeas, jalapeno and paneer butter masala.",Indian Fusion,16.5,,,Individually-Packed,FALSE,FALSE,FALSE,Individual
Paneer Butter Masala Tuscan Salad Platter,"House citrus dressing, pumpkin seeds, cheese nacho crumbs, diced tomatoes, chickpeas, jalapeno and paneer butter masala.",Indian Fusion,300,15,,Tuscan-Salad-Platter,FALSE,FALSE,FALSE,Platter
Paneer Pakora,Cottage cheese pieces battered with Indian spices & deep fried,Indian,120,6,,Appetizer-Platter,TRUE,FALSE,FALSE,Platter
Paneer Tikka,Fresh Indian cheese marinated in spices and baked in tandoor,Indian,120,6,,Appetizer-Platter,TRUE,FALSE,FALSE,Platter
Parmesan Bread Bites,,Pizza,8,,,Breads,FALSE,FALSE,FALSE,Individual
Pea Pulao,Basmati rice cooked with green peas,Indian,80,4,,Rice-Platter,TRUE,FALSE,FALSE,Platter
Peanut Butter Granola Bar,,Snacks & Drinks,4,,4,Snacks & Drinks,FALSE,FALSE,FALSE,Individual
Penne Pesto Cream Platter,,Pasta,300,15,,Pasta-Platter,FALSE,FALSE,FALSE,Platter
Penne Pesto Cream with Focaccia,,Pasta,18,,,Individually-Packed-Pasta,FALSE,FALSE,FALSE,Individual
Pepperoni Stuffed Cheesy Bread,,Pizza,10,,,Breads,FALSE,FALSE,FALSE,Individual
Peri Peri Chicken Wings,,American,200,10,,Chicken-Platter,FALSE,FALSE,FALSE,Individual
Pesto Pasta Salad,,Sandwiches,140,7,,Sides-Platter,FALSE,FALSE,FALSE,Platter
Pesto Pasta Salad,,Pasta,120,6,,Sides-Platter,FALSE,FALSE,FALSE,Platter
Plain Naan,White unleavened bread baked in the tandoor oven,Indian,50,2.5,,Breads-Platter,TRUE,FALSE,FALSE,Platter
Poke Tray A,"Salmon and spicy albacore with masago garnish, white rice, pineapple, seaweed salad, sweet corn, kimchi, raddish and seaweed seasoning.",Hawaiian,300,15,,Hawaiian-Party-Tray,FALSE,FALSE,FALSE,Platter
Poke Tray B,"Albacore tuna, soy marinated samlon, tuna and scallop with white rice, cucumber, pickled ginger, tamagoyaki and massago topping.",Hawaiian,300,15,,Hawaiian-Party-Tray,FALSE,FALSE,FALSE,Platter
Pork Al Pastor Burrito,"Pork al pastor with rice, beans, salsa, veggies and cheese, all rolled into a grilled tortilla",Mexican,12,,,Individually-Packed-Burrito,FALSE,FALSE,FALSE,Individual
Pork Al Pastor Burrito Platter,"Pork al pastor with rice, beans, salsa, veggies and cheese, all rolled into a grilled tortilla",Mexican,240,12,,Burrito-Platter,FALSE,FALSE,FALSE,Platter
Pork Al Pastor Quesadilla,"Melted, cheesy goodness with pork al pastor grilled in a flour tortilla",Mexican,14,,,Individually-Packed-Quesadilla,FALSE,FALSE,FALSE,Individual
Pork Al Pastor Quesadilla Platter,"Melted, cheesy goodness with pork al pastor grilled in a flour tortilla",Mexican,280,14,,Quesadilla-Platter,FALSE,FALSE,FALSE,Platter
Pork Al Pastor Rice Bowl,"Pork al pastor with rice, beans, salsa, veggies and cheese",Mexican,14,,,Individually-Packed-Bowl,FALSE,FALSE,FALSE,Individual
Pork Al Pastor Rice Bowl Platter,"Pork al pastor with rice, beans, salsa, veggies and cheese (Served as build your own bowl style)",Mexican,280,14,,Bowl-Platter,FALSE,FALSE,FALSE,Platter
"Pork Green Curry with Rice, Salad & Spring Roll",,Thai,19,,,Individually-Packed-Combos,FALSE,FALSE,FALSE,Individual
Pork Gyoza,,Japanese,140,7,,Sides-Platter,FALSE,FALSE,FALSE,Platter
Pork Lemongrass Banh Mi,"Aromatic mix of shallots, garlic, lemongrass, honey, fish sauce, and sesame oil mingled with kurobuta gourmet pork",Vietnamese,13,,,Individually-Packed-Banh-Mi,FALSE,FALSE,FALSE,Individual
Pork Lemongrass Banh Mi Platter,"Aromatic mix of shallots, garlic, lemongrass, honey, fish sauce, and sesame oil mingled with kurobuta gourmet pork",Vietnamese,240,12,,Banh-Mi-Platter,FALSE,FALSE,FALSE,Platter
"Pork Massaman Curry with Rice, Salad & Spring Roll",,Thai,19,,,Individually-Packed-Combos,FALSE,FALSE,FALSE,Individual
Pork Pad Kee Mao,"Fresh rice noodle wok fried with sprouts, peppers, cabbage, tomatoes and basil in fresh garlic chili sauce",Thai,18,,,Individually-Packed-Noodles,FALSE,FALSE,FALSE,Individual
Pork Pad Mee,"Brown rice vermicelli wok fried with peppers, cabbage, onions, tomatoes, sprouts and egg in thai style garlic sauce",Thai,18,,,Individually-Packed-Noodles,FALSE,FALSE,FALSE,Individual
Pork Pad See-Ew,"Fresh rice noodle wok fried with gai lan, sprouts, cabbage, carrots, and egg",Thai,18,,,Individually-Packed-Noodles,FALSE,FALSE,FALSE,Individual
Pork Pad Thai,"Rice noodle wok fried with sprouts, egg, green onions, tofu, prawns topped with crushed peanuts, and cilantro",Thai,18,,,Individually-Packed-Noodles,FALSE,FALSE,FALSE,Individual
"Pork Panang Curry with Rice, Salad & Spring Roll",,Thai,19,,,Individually-Packed-Combos,FALSE,FALSE,FALSE,Individual
"Pork Red Curry with Rice, Salad & Spring Roll",,Thai,19,,,Individually-Packed-Combos,FALSE,FALSE,FALSE,Individual
Pork Salad Roll Platter,,Vietnamese,120,6,,Sides-Platter,FALSE,FALSE,FALSE,Platter
Pork Spring Roll Platter,,Vietnamese,120,6,,Sides-Platter,FALSE,FALSE,FALSE,Platter
Potato Salad,,Sandwiches,140,7,,Sides-Platter,FALSE,FALSE,FALSE,Platter
Potato Salad,,Pasta,120,6,,Sides-Platter,FALSE,FALSE,FALSE,Platter
Potato Wedges,,American,160,8,,Sides-Platter,TRUE,FALSE,FALSE,Individual
Prawn Tempura,,Japanese,120,6,,Sides-Platter,FALSE,FALSE,FALSE,Platter
Prawn Wrap,Tiger prawns wrapped in wonton wrap and served with plum sauce,Thai,120,6,,Appetizer-Platter,FALSE,FALSE,FALSE,Platter
Prawns Pad Thai,"Rice noodle wok fried with sprouts, egg, green onions, tofu, prawns topped with crushed peanuts, and cilantro",Thai,18,,,Individually-Packed-Noodles,FALSE,FALSE,FALSE,Individual
Radiatori Rose Platter,,Pasta,300,15,,Pasta-Platter,FALSE,FALSE,FALSE,Platter
Radiatori Rose with Focaccia,,Pasta,18,,,Individually-Packed-Pasta,FALSE,FALSE,FALSE,Individual
Rainbow Cookies,,Snacks & Drinks,6,,6,Snacks & Drinks,FALSE,FALSE,FALSE,Individual
Ranch Dip,,Pizza,1.5,,,Dips,FALSE,FALSE,FALSE,Individual
Rasmalai,Flattened balls of chhena soaked in malai and flavoured with cardamom,Indian,80,4,,Dessert-Platter,TRUE,FALSE,FALSE,Platter
Rasmalai,,Indian Fusion,120,6,,Dessert-Platter,FALSE,FALSE,FALSE,Platter
Rasmalai,,Indian Fusion,6,,,Individually-Packed,FALSE,FALSE,FALSE,Individual
Raspberry Sparkling Water (12 Pack),,Snacks & Drinks,14,,14,Snacks & Drinks,FALSE,FALSE,FALSE,Individual
Raspberry Waffles,,Specialty Desserts,66,3.14,,Mini Waffles,FALSE,FALSE,FALSE,Platter
Regular Ham & Bacon Sandwich,"Freshly baked white baguette with mortadella & hot bacon along with provolone, dressed lettuce, tomatoes, onions & mayo.",Sandwiches,16,,,Individually-Packed-Sandwich,FALSE,FALSE,FALSE,Individual
Regular Ham & Cheese Sandwich,"Freshly baked white baguette with mortadella along with extra provolone cheese, dressed lettuce, tomatoes, onions & mayo.",Sandwiches,16,,,Individually-Packed-Sandwich,FALSE,FALSE,FALSE,Individual
Regular Hot Salami Sandwich,"Freshly baked white baguette with spicy genoa salami along with provolone, dressed lettuce, tomatoes, onions & mayo.",Sandwiches,16,,,Individually-Packed-Sandwich,FALSE,FALSE,FALSE,Individual
Regular Italian Deli Sandwich,"Freshly baked white baguette with mortadella & mild genoa salami along with provolone, dressed lettuce, tomatoes, onions & mayo.",Sandwiches,16,,,Individually-Packed-Sandwich,FALSE,FALSE,FALSE,Individual
Regular Meatball Sandwich,"Freshly baked white baguette with meatball & tomato sauce along with provolone, dressed lettuce, tomatoes, onions & mayo.",Sandwiches,16,,,Individually-Packed-Sandwich,FALSE,FALSE,FALSE,Individual
Regular Ripple Cut Chips,,Snacks & Drinks,5,,5,Snacks & Drinks,FALSE,FALSE,FALSE,Individual
Regular Roast Beef Sandwich,"Freshly baked white baguette with roasted beef breast along with provolone, dressed lettuce, tomatoes, onions & mayo.",Sandwiches,16,,,Individually-Packed-Sandwich,FALSE,FALSE,FALSE,Individual
Regular Tuna Sandwich,"Freshly baked white baguette with tuna salad along with provolone, dressed lettuce, tomatoes, onions & mayo.",Sandwiches,16,,,Individually-Packed-Sandwich,FALSE,FALSE,FALSE,Individual
Regular Turkey Sandwich,"Freshly baked white baguette with smoked turkey breast along with provolone, dressed lettuce, tomatoes, onions & mayo.",Sandwiches,16,,,Individually-Packed-Sandwich,FALSE,FALSE,FALSE,Individual
Regular Vegan Sandwich,"Freshly baked white baguette with roasted red pepper, roasted mushroom and pickles along with lettuce, tomatoes & onions.",Sandwiches,16,,,Individually-Packed-Sandwich,TRUE,FALSE,FALSE,Individual
Regular Veggie Sandwich,"Freshly baked white baguette with roasted red pepper, roasted mushroom and pickles along with provolone, dressed lettuce, tomatoes, onions & mayo.",Sandwiches,16,,,Individually-Packed-Sandwich,FALSE,FALSE,FALSE,Individual
Rigatoni Arrabbiata Platter,,Pasta,300,15,,Pasta-Platter,TRUE,FALSE,FALSE,Platter
Rigatoni Arrabbiata with Focaccia,,Pasta,18,,,Individually-Packed-Pasta,TRUE,FALSE,FALSE,Individual
Roast Beef Sandwich Platter,"Freshly baked white baguette with roasted beef breast along with provolone, dressed lettuce, tomatoes, onions & mayo.",Sandwiches,300,15,,Sandwich-Platter,FALSE,FALSE,FALSE,Platter
Roasted Almond Granola Bar,,Snacks & Drinks,4,,4,Snacks & Drinks,FALSE,FALSE,FALSE,Individual
S'mores Waffles,,Specialty Desserts,66,3.14,,Mini Waffles,FALSE,FALSE,FALSE,Platter
Salmon & Scallop Poke Bowl (Large),,Hawaiian,19,,,Large-Poke-Bowls,FALSE,FALSE,FALSE,Individual
Salmon & Scallop Poke Bowl (Regular),,Hawaiian,16,,,Regular-Poke-Bowls,FALSE,FALSE,FALSE,Individual
Salmon & Tuna Combo,"Tuna Maki, Salmon Nigiri & Tuna Nigiri",Japanese,19.5,,,Individually-Packed-Sushi-Combos,FALSE,FALSE,FALSE,Individual
Salmon Bento Box,,Japanese,22,,,Individually-Packed-Bowls,FALSE,FALSE,FALSE,Individual
Salmon Teriyaki Rice Bowl,,Japanese,22,,,Individually-Packed-Bowls,FALSE,FALSE,FALSE,Individual
Salt & Pepper Squid,Deep fried squid tossed in spiced salt & diced chilli pepper,Chinese,200,10,,Main-Platter,FALSE,FALSE,FALSE,Platter
Salt & Pepper Squid with Chowmein,,Chinese,20,,,Individually-Packed-Chowmein-Combo,FALSE,FALSE,FALSE,Platter
Salt & Pepper Squid with Fried Rice,,Chinese,20,,,Individually-Packed-Rice-Combo,FALSE,FALSE,FALSE,Platter
Salt & Vinegar Chips,,Snacks & Drinks,5,,5,Snacks & Drinks,FALSE,FALSE,FALSE,Individual
Sashimi Bento Box,,Japanese,23,,,Individually-Packed-Bowls,FALSE,FALSE,FALSE,Individual
Sate Beef Banh Mi,"Beef marinated in aromatic sate sauce with asian spices, garlic, lemongrass & fish sauce (contains peanuts)",Vietnamese,13,,,Individually-Packed-Banh-Mi,FALSE,FALSE,FALSE,Individual
Sate Beef Banh Mi Platter,"Beef marinated in aromatic sate sauce with asian spices, garlic, lemongrass & fish sauce (contains peanuts)",Vietnamese,240,12,,Banh-Mi-Platter,FALSE,FALSE,FALSE,Platter
Seafood Chowmein,Chowmein with seafood,Chinese,160,8,,Rice-&-Noodles-Platter,FALSE,FALSE,FALSE,Platter
Seafood Tempura,,Japanese,120,6,,Sides-Platter,FALSE,FALSE,FALSE,Platter
Seafood Yakisoba,,Japanese,22,,,Individually-Packed-Bowls,FALSE,FALSE,FALSE,Individual
Seasonal Vegetable with Crispy Tofu,Variety of vegetables stir fried together with crispy tofu,Chinese,200,10,,Main-Platter,TRUE,FALSE,FALSE,Individual
Seasonal Vegetable with Crispy Tofu with Chowmein,,Chinese,20,,,Individually-Packed-Chowmein-Combo,TRUE,FALSE,FALSE,Individual
Seasonal Vegetable with Crispy Tofu with Fried Rice,,Chinese,20,,,Individually-Packed-Rice-Combo,TRUE,FALSE,FALSE,Platter
Sesame Crunch Wrap,"Romaine, Cabbage, Carrots, Crispy Wontons, Cucumber, Green Onions, Sesame Seeds, Sweet Sesame Soy, Whole Wheat Wrap",Healthy,14,,,Wraps,FALSE,FALSE,FALSE,Individual
Shahi Paneer,"Homemade diced cheese cooked in onion, cream & tomato sauce",Indian,140,7,,Curry-Platter,TRUE,FALSE,FALSE,Platter
Shahi Paneer Combo,"Shahi Paneer with Dal Makhani, Rice & Naan ",Indian,19,,,Individual-Combo,TRUE,FALSE,FALSE,Individual
Shahi Paneer Combo with Dessert,"Shahi Paneer with Dal Makhani, Rice, Naan & Gulab Jamun",Indian,20,,,Individual-Combo-with-Dessert,TRUE,FALSE,FALSE,Individual
Shanghai Style Pork Chowmein,Chowmein with shanghai style pork,Chinese,160,8,,Rice-&-Noodles-Platter,FALSE,FALSE,FALSE,Individual
Shitake Mushroom & Bok Choy,Mushroom and bok choy cooked together with minced garlic,Chinese,200,10,,Main-Platter,TRUE,FALSE,FALSE,Individual
Shitake Mushroom & Bok Choy with Chowmein,,Chinese,20,,,Individually-Packed-Chowmein-Combo,TRUE,FALSE,FALSE,Individual
Shitake Mushroom & Bok Choy with Fried Rice,,Chinese,20,,,Individually-Packed-Rice-Combo,TRUE,FALSE,FALSE,Individual
Shrimp Fried Rice,Fried rice with shrimp,Chinese,160,8,,Rice-&-Noodles-Platter,FALSE,FALSE,FALSE,Platter
Soft Chilli Lime Fish Tacos,"Soft flour taco shells with chilli lime fish, salsa, cheese and sauces (Served as build your own taco style)",Mexican,90,4.5,,Appetizer-Platter,FALSE,FALSE,FALSE,Platter
Soft Grilled Chicken Tacos,"Soft flour taco shells with grilled chicken, salsa, cheese and sauces (Served as build your own taco style)",Mexican,90,4.5,,Appetizer-Platter,FALSE,FALSE,TRUE,Platter
Soft Grilled Veggie Tacos,"Soft flour taco shells with grilled veggie, salsa, cheese and sauces (Served as build your own taco style)",Mexican,90,4.5,,Appetizer-Platter,FALSE,FALSE,FALSE,Platter
Soft Ground Beef Tacos,"Soft flour taco shells with ground beef, salsa, cheese and sauces (Served as build your own taco style)",Mexican,90,4.5,,Appetizer-Platter,FALSE,FALSE,FALSE,Platter
Soft Pork Al Pastor Tacos,"Soft flour taco shells with pork al pastor, salsa, cheese and sauces (Served as build your own taco style)",Mexican,90,4.5,,Appetizer-Platter,FALSE,FALSE,FALSE,Platter
Soft Spicy Chicken Tacos,"Soft flour taco shells with spicy chicken, salsa, cheese and sauces (Served as build your own taco style)",Mexican,90,4.5,,Appetizer-Platter,FALSE,FALSE,FALSE,Platter
Soft Spicy Tofu Tacos,"Soft flour taco shells with spicy tofu, salsa, cheese and sauces (Served as build your own taco style)",Mexican,90,4.5,,Appetizer-Platter,FALSE,FALSE,FALSE,Platter
Som Tum Salad,"Green papaya, garlic, chili, green beans, crushed peanuts carrots, tomatoes in spicy lime dressing",Thai,15,,,Individually-Packed-Salads,FALSE,FALSE,FALSE,Individual
Sour Cream & Onion Chips,,Snacks & Drinks,5,,5,Snacks & Drinks,FALSE,FALSE,FALSE,Individual
Spaghetti & Meatballs Platter,,Pasta,300,15,,Pasta-Platter,FALSE,FALSE,FALSE,Platter
Spaghetti & Meatballs with Focaccia,,Pasta,18,,,Individually-Packed-Pasta,FALSE,FALSE,FALSE,Individual
Spicy Barbecue Chips,,Snacks & Drinks,5,,5,Snacks & Drinks,FALSE,FALSE,FALSE,Individual
Spicy Buffalo Chicken Wrap,"Brown Rice, Romaine, Chicken, Aged Cheddar, Carrots, Jalapeno, Tomatoes, Greek Yogurt Ranch, Hot Sauce, Whole Wheat Wrap",Healthy,16,,,Wraps,FALSE,FALSE,FALSE,Individual
Spicy Chicken Burger,,American,240,12,,Burger-Platter,FALSE,FALSE,FALSE,Platter
Spicy Chicken Burger,,American,15,,,Individually-Packed-Burger,FALSE,FALSE,FALSE,Platter
Spicy Chicken Burrito,"Spicy Chicken with rice, beans, salsa, veggies and cheese, all rolled into a grilled tortilla",Mexican,12,,,Individually-Packed-Burrito,FALSE,FALSE,FALSE,Individual
Spicy Chicken Burrito Platter,"Spicy Chicken with rice, beans, salsa, veggies and cheese, all rolled into a grilled tortilla",Mexican,240,12,,Burrito-Platter,FALSE,FALSE,FALSE,Platter
Spicy Chicken Quesadilla,"Melted, cheesy goodness with spicy chicken grilled in a flour tortilla",Mexican,14,,,Individually-Packed-Quesadilla,FALSE,FALSE,FALSE,Individual
Spicy Chicken Quesadilla Platter,"Melted, cheesy goodness with spicy chicken grilled in a flour tortilla",Mexican,280,14,,Quesadilla-Platter,FALSE,FALSE,FALSE,Platter
Spicy Chicken Rice Bowl,"Spicy Chicken with rice, beans, salsa, veggies and cheese",Mexican,14,,,Individually-Packed-Bowl,FALSE,FALSE,FALSE,Individual
Spicy Chicken Rice Bowl Platter,"Spicy Chicken with rice, beans, salsa, veggies and cheese (Served as build your own bowl style)",Mexican,280,14,,Bowl-Platter,FALSE,FALSE,FALSE,Platter
Spicy Chilli Garlic Prawns,Prawns stir-fried with diced peppers & spicy tomato sauce,Chinese,200,10,,Main-Platter,FALSE,FALSE,FALSE,Platter
Spicy Chilli Garlic Prawns with Chowmein,,Chinese,20,,,Individually-Packed-Chowmein-Combo,FALSE,FALSE,FALSE,Platter
Spicy Chilli Garlic Prawns with Fried Rice,,Chinese,20,,,Individually-Packed-Rice-Combo,FALSE,FALSE,FALSE,Individual
Spicy Ginger Beef,Crispy shredded beef tossed in a spicy gingery sauce,Chinese,200,10,,Main-Platter,FALSE,FALSE,FALSE,Individual
Spicy Ginger Beef with Chowmein,,Chinese,20,,,Individually-Packed-Chowmein-Combo,FALSE,FALSE,FALSE,Individual
Spicy Ginger Beef with Fried Rice,,Chinese,20,,,Individually-Packed-Rice-Combo,FALSE,FALSE,FALSE,Platter
Spicy Jalapeno Pineapple Chicken,,Pizza,12,,,Chicken,FALSE,FALSE,FALSE,Individual
Spicy Salmon & Spicy Tuna Poke Bowl (Large),,Hawaiian,19,,,Large-Poke-Bowls,FALSE,FALSE,FALSE,Individual
Spicy Salmon & Spicy Tuna Poke Bowl (Regular),,Hawaiian,16,,,Regular-Poke-Bowls,FALSE,FALSE,FALSE,Individual
Spicy Salted Spareribs,Crispy spareribs dusted in spiced salt & diced chilli peppers,Chinese,200,10,,Main-Platter,FALSE,FALSE,FALSE,Individual
Spicy Salted Spareribs with Chowmein,,Chinese,20,,,Individually-Packed-Chowmein-Combo,FALSE,FALSE,FALSE,Individual
Spicy Salted Spareribs with Fried Rice,,Chinese,20,,,Individually-Packed-Rice-Combo,FALSE,FALSE,FALSE,Platter
Spicy Sushi Combo,"Spicy Tuna Roll, Spicy Salmon Roll & Spicy Dynamite Roll",Japanese,19.5,,,Individually-Packed-Sushi-Combos,FALSE,FALSE,FALSE,Individual
Spicy Tofu Burrito,"Spicy Tofu with rice, beans, salsa, veggies and cheese, all rolled into a grilled tortilla",Mexican,12,,,Individually-Packed-Burrito,FALSE,FALSE,FALSE,Individual
Spicy Tofu Burrito Platter,"Spicy Tofu with rice, beans, salsa, veggies and cheese, all rolled into a grilled tortilla",Mexican,240,12,,Burrito-Platter,FALSE,FALSE,FALSE,Platter
Spicy Tofu Quesadilla,"Melted, cheesy goodness with spicy tofu grilled in a flour tortilla",Mexican,14,,,Individually-Packed-Quesadilla,FALSE,FALSE,FALSE,Individual
Spicy Tofu Quesadilla Platter,"Melted, cheesy goodness with spicy tofu grilled in a flour tortilla",Mexican,280,14,,Quesadilla-Platter,FALSE,FALSE,FALSE,Platter
Spicy Tofu Rice Bowl,"Spicy Tofu with rice, beans, salsa, veggies and cheese",Mexican,14,,,Individually-Packed-Bowl,FALSE,FALSE,FALSE,Individual
Spicy Tofu Rice Bowl Platter,"Spicy Tofu with rice, beans, salsa, veggies and cheese (Served as build your own bowl style)",Mexican,280,14,,Bowl-Platter,FALSE,FALSE,FALSE,Platter
Spinach & Feta Stuffed Cheesy Bread,,Pizza,10,,,Breads,FALSE,FALSE,FALSE,Individual
Spring Roll,"Stuffed with cabbage, carrot, vermicelli and served with plum sauce",Thai,65,3.25,,Appetizer-Platter,FALSE,FALSE,FALSE,Platter
Spring Rolls,Fried Rolls filled with fresh vegetables,Chinese,100,5,,Appetizer-Platter,TRUE,FALSE,FALSE,Individual
Sprite (12 Cans),,Snacks & Drinks,14,,14,Snacks & Drinks,FALSE,FALSE,FALSE,Individual
Sprite (2L Bottle),,Snacks & Drinks,5.5,,5.5,Snacks & Drinks,FALSE,FALSE,FALSE,Individual
Steak Buddha Satay Noodle Bowl,"Steak, Rice Noodles, Broccoli, Cabbage, Carrots, Crispy Wontons, Green Onions, Spicy Peanut Sauce",Healthy,19,,,Bowls,FALSE,FALSE,FALSE,Individual
Steak Chipotle Cheddar Rice Bowl,"Steak, Brown Rice, Aged Cheddar, Black Beans, Cabbage, Carrots, Corn, Green Onion, Tomatoes, Creamy Chipotle Dressing",Healthy,19,,,Bowls,FALSE,FALSE,FALSE,Individual
Steak Teriyaki Twist Rice Bowl,"Steak, Brown Rice, Broccoli, Carrots, Crispy wontons, Cucumber, Edamame, Green Onions, Sesame Seeds, Teriyaki",Healthy,19,,,Bowls,FALSE,FALSE,FALSE,Individual
Sushi Bake Tray,"Salmon and imitation crab with white rice, roasted corn, mayo, cucumber, pickled ginger and seaweed seasoning.",Hawaiian,300,15,,Hawaiian-Party-Tray,FALSE,FALSE,FALSE,Platter
Sushi Combo A,"California Roll, Tuna, Salmon, Ebi & Egg",Japanese,16.5,,,Individually-Packed-Sushi-Combos,FALSE,FALSE,FALSE,Individual
Sushi Combo B,"California Roll, Tuna Maki, Salmon Maki",Japanese,16.5,,,Individually-Packed-Sushi-Combos,FALSE,FALSE,FALSE,Individual
Sushi Platter A,"California Roll, BC Roll, Tuna Roll, Smoked Salmon Box Sushi, House Roll, Dynamite Roll, Salmon Roll & Kappa Roll",Japanese,60,15,,Sushi-Trays,FALSE,FALSE,FALSE,Platter
Sushi Platter B,"Salmon Maki, Tuna Maki, Kappa Maki, California Roll, Spicy Tuna Roll, Spicy Salmon Roll, BC Roll, Yam Roll & Dynamite Roll",Japanese,56,14,,Sushi-Trays,FALSE,FALSE,FALSE,Platter
Sushi Platter C,California Roll & Dynamite Roll,Japanese,56,14,,Sushi-Trays,FALSE,FALSE,FALSE,Platter
Sushi Platter D (Veg),"Avocado Roll, Inari Roll, Cucumber Roll, Tofu Roll, Yam Tempura Roll, Vegetable Roll & Oshinko Roll",Japanese,52,13,,Sushi-Trays,FALSE,FALSE,FALSE,Platter
Sweet & Sour Chicken,Crispy battered chicken tossed in sweet & sour sauce,Chinese,200,10,,Main-Platter,FALSE,FALSE,FALSE,Platter
Sweet & Sour Chicken with Chowmein,,Chinese,20,,,Individually-Packed-Chowmein-Combo,FALSE,FALSE,FALSE,Platter
Sweet & Sour Chicken with Fried Rice,,Chinese,20,,,Individually-Packed-Rice-Combo,FALSE,FALSE,FALSE,Individual
Sweet & Sour Fish,Crispy battered fish tossed in sweet & sour sauce,Chinese,200,10,,Main-Platter,FALSE,FALSE,FALSE,Platter
Sweet & Sour Fish with Chowmein,,Chinese,20,,,Individually-Packed-Chowmein-Combo,FALSE,FALSE,FALSE,Individual
Sweet & Sour Fish with Fried Rice,,Chinese,20,,,Individually-Packed-Rice-Combo,FALSE,FALSE,FALSE,Individual
Sweet & Sour Pork,Boneless pork & pineapple chunks with sweet & sour sauce,Chinese,200,10,,Main-Platter,FALSE,FALSE,FALSE,Individual
Sweet & Sour Pork with Chowmein,,Chinese,20,,,Individually-Packed-Chowmein-Combo,FALSE,FALSE,FALSE,Individual
Sweet & Sour Pork with Fried Rice,,Chinese,20,,,Individually-Packed-Rice-Combo,FALSE,FALSE,FALSE,Platter
Sweet BBQ Bacon Chicken,,Pizza,12,,,Chicken,FALSE,FALSE,FALSE,Individual
Sweet Icing Dip,,Pizza,1.5,,,Dips,FALSE,FALSE,FALSE,Individual
Sweet Mango Habanero Chicken Wings,,Pizza,12,,,Chicken,FALSE,FALSE,FALSE,Individual
Sweet Vinegar Spareribs,Spareribs tossed in sweet vinegar sauce,Chinese,200,10,,Main-Platter,FALSE,FALSE,FALSE,Individual
Sweet Vinegar Spareribs with Chowmein,,Chinese,20,,,Individually-Packed-Chowmein-Combo,FALSE,FALSE,FALSE,Platter
Sweet Vinegar Spareribs with Fried Rice,,Chinese,20,,,Individually-Packed-Rice-Combo,FALSE,FALSE,FALSE,Platter
Szechuan Hot Chilli Pork Wontons,"Wonton with pork filling, tossed in chilli oil, garlic, vinegar & spinach",Chinese,100,5,,Appetizer-Platter,FALSE,FALSE,FALSE,Individual
Szechuan Mapo Tofu,Soft Tofu cooked with vegetables in peppercorn sace,Chinese,200,10,,Main-Platter,TRUE,FALSE,FALSE,Platter
Szechuan Mapo Tofu with Chowmein,,Chinese,20,,,Individually-Packed-Chowmein-Combo,TRUE,FALSE,FALSE,Individual
Szechuan Mapo Tofu with Fried Rice,,Chinese,20,,,Individually-Packed-Rice-Combo,TRUE,FALSE,FALSE,Individual
Szechuan Marbled Pork & Cabbage,"Braised pork belly, five spiced tofu, leeks, garlic & chilli peppers",Chinese,200,10,,Main-Platter,FALSE,FALSE,FALSE,Individual
Szechuan Marbled Pork & Cabbage with Chowmein,,Chinese,20,,,Individually-Packed-Chowmein-Combo,FALSE,FALSE,FALSE,Individual
Szechuan Marbled Pork & Cabbage with Fried Rice,,Chinese,20,,,Individually-Packed-Rice-Combo,FALSE,FALSE,FALSE,Individual
Szechuan Style Pepper Chicken,"Boneless chicken stir-fried with dried peppers, tongue tingling peppercorn, garlic, ginger & green onion",Chinese,200,10,,Main-Platter,FALSE,FALSE,FALSE,Individual
Szechuan Style Pepper Chicken with Chowmein,,Chinese,20,,,Individually-Packed-Chowmein-Combo,FALSE,FALSE,FALSE,Platter
Szechuan Style Pepper Chicken with Fried Rice,,Chinese,20,,,Individually-Packed-Rice-Combo,FALSE,FALSE,FALSE,Platter
Takoyaki,,Japanese,100,5,,Sides-Platter,FALSE,FALSE,FALSE,Platter
Tandoori Chicken,Chicken marinated with authentic Indian spices and grilled in the tandoor to perfection,Indian,120,6,,Appetizer-Platter,FALSE,FALSE,FALSE,Platter
Tandoori Fish,"Fish marinated in fresh garlic, ginger and spices, grilled in the tandoor to perfection",Indian,120,6,,Appetizer-Platter,FALSE,FALSE,FALSE,Platter
Tandoori Roti,Whole wheat bread thin baked in the tandoor oven,Indian,50,2.5,,Breads-Platter,TRUE,FALSE,FALSE,Platter
Tandoori Soya Chaap,Soybean cubes marinated with yogurt in Indian spices & cooked in tandoor oven,Indian,120,6,,Appetizer-Platter,TRUE,FALSE,FALSE,Platter
Tandoori Vegetable,Assorted pieces of vegetables marinated in special Indian spices and grilled in the tandoor to perfection,Indian,120,6,,Appetizer-Platter,TRUE,FALSE,FALSE,Platter
Tea (Serves 12),,Baked Goods & Coffee,48,4,,Drinks,FALSE,FALSE,FALSE,Platter
Teriyaki Twist Rice Bowl,"Brown Rice, Broccoli, Carrots, Crispy wontons, Cucumber, Edamame, Green Onions, Sesame Seeds, Teriyaki",Healthy,15,,,Bowls,FALSE,FALSE,FALSE,Individual
Texas Steak Smokehouse Wrap,"Whole Wheat Tortilla, Steak, Brown Rice, Hot Black Beans, Salsa Fresca, Avocado, Aged Cheddar, Corn, Greek Yogurt Ranch, Fiery Bbq",Healthy,17,,,Wraps,FALSE,FALSE,FALSE,Individual
Thai Noodle Salad,"Bean vermicelli, ground chicken, prawn, onions, tomatoes, tossed in spicy chili garlic dressing and served on a bed of greens",Thai,15,,,Individually-Packed-Salads,FALSE,FALSE,FALSE,Individual
Tofu Bento Box,,Japanese,19,,,Individually-Packed-Bowls,FALSE,FALSE,FALSE,Individual
"Tofu Cashew Nut with Rice, Salad & Spring Roll",,Thai,19,,,Individually-Packed-Combos,FALSE,FALSE,FALSE,Individual
"Tofu Green Curry with Rice, Salad & Spring Roll",,Thai,19,,,Individually-Packed-Combos,FALSE,FALSE,FALSE,Individual
"Tofu Massaman Curry with Rice, Salad & Spring Roll",,Thai,19,,,Individually-Packed-Combos,FALSE,FALSE,FALSE,Individual
Tofu Pad Kee Mao,"Fresh rice noodle wok fried with sprouts, peppers, cabbage, tomatoes and basil in fresh garlic chili sauce",Thai,18,,,Individually-Packed-Noodles,FALSE,FALSE,FALSE,Individual
Tofu Pad Mee,"Brown rice vermicelli wok fried with peppers, cabbage, onions, tomatoes, sprouts and egg in thai style garlic sauce",Thai,18,,,Individually-Packed-Noodles,FALSE,FALSE,FALSE,Individual
Tofu Pad See-Ew,"Fresh rice noodle wok fried with gai lan, sprouts, cabbage, carrots, and egg",Thai,18,,,Individually-Packed-Noodles,FALSE,FALSE,FALSE,Individual
Tofu Pad Thai,"Rice noodle wok fried with sprouts, egg, green onions, tofu, prawns topped with crushed peanuts, and cilantro",Thai,18,,,Individually-Packed-Noodles,FALSE,FALSE,FALSE,Individual
"Tofu Panang Curry with Rice, Salad & Spring Roll",,Thai,19,,,Individually-Packed-Combos,FALSE,FALSE,FALSE,Individual
"Tofu Red Curry with Rice, Salad & Spring Roll",,Thai,19,,,Individually-Packed-Combos,FALSE,FALSE,FALSE,Individual
Tofu Salad Roll Platter,,Vietnamese,120,6,,Sides-Platter,FALSE,FALSE,FALSE,Platter
Tofu Teriyaki Rice Bowl,,Japanese,17,,,Individually-Packed-Bowls,FALSE,FALSE,FALSE,Individual
Tuna Sandwich Platter,"Freshly baked white baguette with tuna salad along with provolone, dressed lettuce, tomatoes, onions & mayo.",Sandwiches,300,15,,Sandwich-Platter,FALSE,FALSE,FALSE,Platter
Turkey Sandwich Platter,"Freshly baked white baguette with smoked turkey breast along with provolone, dressed lettuce, tomatoes, onions & mayo.",Sandwiches,300,15,,Sandwich-Platter,FALSE,FALSE,FALSE,Platter
Vanilla Cookies,,Snacks & Drinks,6,,6,Snacks & Drinks,FALSE,FALSE,FALSE,Individual
Vanilla Custard Waffles,,Specialty Desserts,66,3.14,,Mini Waffles,FALSE,FALSE,FALSE,Platter
Veg Biryani,Basmati rice cooked with mixed vegetables & Indian spices,Indian,140,7,,Rice-Platter,TRUE,FALSE,FALSE,Platter
Veg Gyoza,,Japanese,140,7,,Sides-Platter,FALSE,FALSE,FALSE,Platter
Veg Jalfrazie,Assorted vegetables sauteed with a touch of lemon curry sauce,Indian,140,7,,Curry-Platter,TRUE,FALSE,FALSE,Platter
Veg Jalfrazie Combo,"Veg Jalfrezi with Dal Makhani, Rice & Naan ",Indian,19,,,Individual-Combo,TRUE,FALSE,FALSE,Individual
Veg Jalfrazie Combo with Dessert,"Veg Jalfrezi with Dal Makhani, Rice, Naan & Gulab Jamun",Indian,20,,,Individual-Combo-with-Dessert,TRUE,FALSE,FALSE,Individual
Veg Pakora,Delicately spiced vegetables dipped in house made batter with Indian spices & deep fried,Indian,120,6,,Appetizer-Platter,TRUE,FALSE,FALSE,Platter
Veg Samosas,Traditional Indian pastry stuffed with potatoes & peas,Indian,110,5.5,,Appetizer-Platter,TRUE,FALSE,FALSE,Platter
Veg Tempura,,Japanese,100,5,,Sides-Platter,FALSE,FALSE,FALSE,Platter
Veg Tikka Rice Bowl,"Brown Rice, Kale, Quinoa, Sweet Potatoes, Crispy Chickpeas, Cabbage, Carrots, Red Onions, Tikka Sauce",Healthy,15,,,Bowls,FALSE,FALSE,FALSE,Individual
Vegan Avocado Poke Bowl (Large),,Hawaiian,19,,,Large-Poke-Bowls,TRUE,FALSE,FALSE,Individual
Vegan Avocado Poke Bowl (Regular),,Hawaiian,16,,,Regular-Poke-Bowls,TRUE,FALSE,FALSE,Individual
Vegan Banana Bread (Serves 10),,Baked Goods & Coffee,60,6,,Baked-Goods-Platter,TRUE,FALSE,FALSE,Platter
Vegan Banh Mi,"Aromatic tofu, avocado, and 'secret-recipe' filling, topped with veggies such carrot and daikon, cilantro, and cucumber (without house mayo)",Vietnamese,13,,,Individually-Packed-Banh-Mi,TRUE,FALSE,FALSE,Individual
Vegan Banh Mi Platter,"Aromatic tofu, avocado, and 'secret-recipe' filling, topped with veggies such carrot and daikon, cilantro, and cucumber (without house mayo)",Vietnamese,240,12,,Banh-Mi-Platter,TRUE,FALSE,FALSE,Platter
Vegan Coconut Curry Biryani,"Saffron rice with vegan coconut curry, spices, fried onions and cilantro garnish.",Indian Fusion,16.5,,,Individually-Packed,TRUE,FALSE,FALSE,Individual
Vegan Coconut Curry Biryani Platter,"Saffron rice with vegan coconut curry, spices, fried onions and cilantro garnish.",Indian Fusion,300,15,,Biryani-Platter,TRUE,FALSE,FALSE,Platter
Vegan Coconut Curry Dirty Samosa,"Baked potato samosas with vegan coconut curry, fresh mint mayonnaise, chives and potato strings.",Indian Fusion,16.5,,,Individually-Packed,TRUE,FALSE,FALSE,Individual
Vegan Coconut Curry Dirty Samosa Platter,"Baked potato samosas with vegan coconut curry, fresh mint mayonnaise, chives and potato strings.",Indian Fusion,300,15,,Dirty-Samosa-Platter,TRUE,FALSE,FALSE,Platter
Vegan Coconut Curry Mac & Cheese,"Macroni, cheddar, mozzarella, chives and vegan coconut curry.",Indian Fusion,16.5,,,Individually-Packed,TRUE,FALSE,FALSE,Individual
Vegan Coconut Curry Mac & Cheese Platter,"Macroni, cheddar, mozzarella, chives and vegan coconut curry.",Indian Fusion,300,15,,Mac-&-Cheese-Platter,TRUE,FALSE,FALSE,Platter
Vegan Coconut Curry Sandwich,"Ciabatta bun, vegan coconut curry, house mayo, kale slaw and pickled onions.",Indian Fusion,16.5,,,Individually-Packed,TRUE,FALSE,FALSE,Individual
Vegan Coconut Curry Sandwich Platter,"Ciabatta bun, vegan coconut curry, house mayo, kale slaw and pickled onions.",Indian Fusion,300,15,,Sandwich-Platter,TRUE,FALSE,FALSE,Platter
Vegan Coconut Curry Tacos,"Freshly made flour tortillas with vegan coconut curry, mint mayo, pico de gallo, fresh jalapeno, cilantro and pickled onions.",Indian Fusion,16.5,,,Individually-Packed,TRUE,FALSE,FALSE,Individual
Vegan Coconut Curry Tacos Platter,"Freshly made flour tortillas with vegan coconut curry, mint mayo, pico de gallo, fresh jalapeno, cilantro and pickled onions.",Indian Fusion,300,15,,Indian-Tacos-Platter,TRUE,FALSE,FALSE,Platter
Vegan Coconut Curry Tuscan Salad,"House citrus dressing, pumpkin seeds, diced tomatoes, chickpeas, jalapeno and vegan coconut curry.",Indian Fusion,16.5,,,Individually-Packed,TRUE,FALSE,FALSE,Individual
Vegan Coconut Curry Tuscan Salad Platter,"House citrus dressing, pumpkin seeds, diced tomatoes, chickpeas, jalapeno and vegan coconut curry.",Indian Fusion,300,15,,Tuscan-Salad-Platter,TRUE,FALSE,FALSE,Platter
Vegan Cookie (Serves 10),,Baked Goods & Coffee,60,6,,Baked-Goods-Platter,TRUE,FALSE,FALSE,Platter
Vegan Fried Rice,Fried rice with seasonal fresh vegetables,Chinese,140,7,,Rice-&-Noodles-Platter,TRUE,FALSE,FALSE,Individual
Vegan Sushi Bake Tray,,Hawaiian,300,15,,Hawaiian-Party-Tray,TRUE,FALSE,FALSE,Platter
Vegan Tomato Focaccia (Serves 10),,Baked Goods & Coffee,60,6,,Baked-Goods-Platter,TRUE,FALSE,FALSE,Platter
Vegetable Buns,"Steamed buns filled with bok choy, tofu & mushroom",Chinese,100,5,,Appetizer-Platter,TRUE,FALSE,FALSE,Platter
Vegetable Dumplings,"Dumplings filled with bokchoy, tofu, mushroom & carrot",Chinese,100,5,,Appetizer-Platter,TRUE,FALSE,FALSE,Individual
"Vegetarian Wok with Rice, Salad & Spring Roll",,Thai,19,,,Individually-Packed-Combos,FALSE,FALSE,FALSE,Individual
Veggie Avocado Poke Bowl (Large),,Hawaiian,19,,,Large-Poke-Bowls,TRUE,FALSE,FALSE,Individual
Veggie Avocado Poke Bowl (Regular),,Hawaiian,16,,,Regular-Poke-Bowls,TRUE,FALSE,FALSE,Individual
Veggie Banh Mi,"Aromatic tofu, avocado, and 'secret-recipe' filling, topped with veggies such carrot and daikon, cilantro, and cucumber",Vietnamese,13,,,Individually-Packed-Banh-Mi,FALSE,FALSE,FALSE,Individual
Veggie Banh Mi Platter,"Aromatic tofu, avocado, and 'secret-recipe' filling, topped with veggies such carrot and daikon, cilantro, and cucumber",Vietnamese,240,12,,Banh-Mi-Platter,FALSE,FALSE,FALSE,Platter
Veggie Bento Box,,Japanese,19,,,Individually-Packed-Bowls,FALSE,FALSE,FALSE,Individual
Veggie Burger,,American,240,12,,Burger-Platter,TRUE,FALSE,FALSE,Individual
Veggie Burger,,American,15,,,Individually-Packed-Burger,TRUE,FALSE,FALSE,Platter
Veggie Chowmein,Chowmein with seasonal fresh vegetables,Chinese,140,7,,Rice-&-Noodles-Platter,TRUE,FALSE,FALSE,Individual
"Veggie Green Curry with Rice, Salad & Spring Roll",,Thai,19,,,Individually-Packed-Combos,FALSE,FALSE,FALSE,Individual
"Veggie Massaman Curry with Rice, Salad & Spring Roll",,Thai,19,,,Individually-Packed-Combos,FALSE,FALSE,FALSE,Individual
Veggie Pad Kee Mao,"Fresh rice noodle wok fried with sprouts, peppers, cabbage, tomatoes and basil in fresh garlic chili sauce",Thai,18,,,Individually-Packed-Noodles,FALSE,FALSE,FALSE,Individual
Veggie Pad Mee,"Brown rice vermicelli wok fried with peppers, cabbage, onions, tomatoes, sprouts and egg in thai style garlic sauce",Thai,18,,,Individually-Packed-Noodles,FALSE,FALSE,FALSE,Individual
Veggie Pad See-Ew,"Fresh rice noodle wok fried with gai lan, sprouts, cabbage, carrots, and egg",Thai,18,,,Individually-Packed-Noodles,FALSE,FALSE,FALSE,Individual
Veggie Pad Thai,"Rice noodle wok fried with sprouts, egg, green onions, tofu, prawns topped with crushed peanuts, and cilantro",Thai,18,,,Individually-Packed-Noodles,FALSE,FALSE,FALSE,Individual
"Veggie Panang Curry with Rice, Salad & Spring Roll",,Thai,19,,,Individually-Packed-Combos,FALSE,FALSE,FALSE,Individual
"Veggie Red Curry with Rice, Salad & Spring Roll",,Thai,19,,,Individually-Packed-Combos,FALSE,FALSE,FALSE,Individual
Veggie Sandwich Platter,"Freshly baked white baguette with roasted red pepper, roasted mushroom and pickles along with provolone, dressed lettuce, tomatoes, onions & mayo.",Sandwiches,300,15,,Sandwich-Platter,FALSE,FALSE,FALSE,Platter
Veggie Spring Roll Platter,,Vietnamese,120,6,,Sides-Platter,FALSE,FALSE,FALSE,Platter
Veggie Spring Rolls,,Japanese,100,5,,Sides-Platter,FALSE,FALSE,FALSE,Platter
Veggie Sushi Combo,"Yam Tempura Roll, Avocado & Cucumber Roll & Inari",Japanese,16,,,Individually-Packed-Sushi-Combos,FALSE,FALSE,FALSE,Individual
Veggie Teriyaki Rice Bowl,,Japanese,17,,,Individually-Packed-Bowls,FALSE,FALSE,FALSE,Individual
Vietnamese Xiu Mai Banh Mi,Minced pork cooked in flavorful house-made tomato sauce,Vietnamese,13,,,Individually-Packed-Banh-Mi,FALSE,FALSE,FALSE,Individual
Vietnamese Xiu Mai Banh Mi Platter,Minced pork cooked in flavorful house-made tomato sauce,Vietnamese,240,12,,Banh-Mi-Platter,FALSE,FALSE,FALSE,Platter
Wakame (Seaweed Salad),,Japanese,120,6,,Sides-Platter,FALSE,FALSE,FALSE,Platter
Water (12 Pack),,Snacks & Drinks,14,,14,Snacks & Drinks,FALSE,FALSE,FALSE,Individual
White Cheddar Popcorn,,Snacks & Drinks,7,,7,Snacks & Drinks,FALSE,FALSE,FALSE,Individual
XinJiang Cumin Beef,"Beef stir-fried with green peppers, cumin & chili flakes",Chinese,200,10,,Main-Platter,FALSE,FALSE,FALSE,Platter
XinJiang Cumin Beef with Chowmein,,Chinese,20,,,Individually-Packed-Chowmein-Combo,FALSE,FALSE,FALSE,Individual
XinJiang Cumin Beef with Fried Rice,,Chinese,20,,,Individually-Packed-Rice-Combo,FALSE,FALSE,FALSE,Individual
Yam Tempura,,Japanese,100,5,,Sides-Platter,FALSE,FALSE,FALSE,Platter
Zesty Zaatar Chicken Wrap,"Whole Wheat Tortilla, Field Greens, Chicken, Tomatoes, Sweet Potatoes, Green Onions, Za'Atar Garlic Sauce",Healthy,16,,,Wraps,FALSE,FALSE,FALSE,Individual